id,status,started_at,closed_at,timeout_s,n_nodes,n_total,participants
295,closed,2026-09-06T13:36:58.306622+00:00,2026-09-06T13:37:54.713100+00:00,90,2,32,"1,2"
296,closed,2026-09-06T13:41:58.377768+00:00,2026-09-06T13:42:54.650994+00:00,120,2,64,"1,2"
297,closed,2026-09-06T13:46:58.501981+00:00,2026-09-06T13:47:54.600991+00:00,150,2,64,"1,2"
298,closed,2026-09-06T13:51:58.588112+00:00,2026-09-06T13:52:55.333952+00:00,90,2,64,"1,2"
299,closed,2026-09-06T13:56:58.656409+00:00,2026-09-06T13:57:54.631535+00:00,120,2,64,"1,2"
300,closed,2026-09-06T14:01:58.718983+00:00,2026-09-06T14:03:54.844030+00:00,150,2,64,"1,2"
301,closed,2026-09-06T14:06:58.794972+00:00,2026-09-06T14:08:28.835285+00:00,90,1,32,1
302,closed,2026-09-06T14:11:58.881973+00:00,2026-09-06T14:12:54.755425+00:00,120,2,64,"1,2"
303,closed,2026-09-06T14:16:58.946443+00:00,2026-09-06T14:18:55.346586+00:00,150,2,64,"1,2"
304,closed,2026-09-06T14:21:59.023526+00:00,2026-09-06T14:22:54.844979+00:00,90,2,64,"1,2"
305,closed,2026-09-06T14:26:59.095521+00:00,2026-09-06T14:27:54.822028+00:00,120,2,64,"1,2"
306,closed,2026-09-06T14:31:59.221934+00:00,2026-09-06T14:32:54.536012+00:00,150,2,64,"1,2"
307,closed,2026-09-06T14:36:59.284793+00:00,2026-09-06T14:37:54.894821+00:00,90,2,64,"1,2"
308,closed,2026-09-06T14:41:59.347348+00:00,2026-09-06T14:42:54.941304+00:00,120,2,64,"1,2"
309,closed,2026-09-06T14:46:59.416149+00:00,2026-09-06T14:48:48.927023+00:00,150,2,64,"1,2"
310,closed,2026-09-06T14:51:59.502885+00:00,2026-09-06T14:52:54.909791+00:00,90,2,64,"1,2"
311,closed,2026-09-06T14:56:59.566259+00:00,2026-09-06T14:57:54.825061+00:00,120,2,64,"1,2"
312,closed,2026-09-06T15:01:59.636005+00:00,2026-09-06T15:02:55.156835+00:00,150,2,64,"1,2"
313,closed,2026-09-06T15:06:59.696533+00:00,2026-09-06T15:07:55.152603+00:00,90,2,64,"1,2"
314,closed,2026-09-06T15:11:59.757855+00:00,2026-09-06T15:12:55.364835+00:00,120,2,64,"1,2"
315,closed,2026-09-06T15:16:59.830057+00:00,2026-09-06T15:17:55.279804+00:00,150,2,64,"1,2"
316,closed,2026-09-06T15:21:59.898349+00:00,2026-09-06T15:22:55.145456+00:00,90,2,64,"1,2"
317,closed,2026-09-06T15:26:59.966080+00:00,2026-09-06T15:27:54.525237+00:00,120,2,64,"1,2"
318,closed,2026-09-06T15:32:00.036314+00:00,2026-09-06T15:32:55.220732+00:00,150,2,64,"1,2"
319,closed,2026-09-06T15:37:00.112097+00:00,2026-09-06T15:37:55.382757+00:00,90,2,64,"1,2"
320,closed,2026-09-06T15:42:00.177222+00:00,2026-09-06T15:42:54.721787+00:00,120,2,64,"1,2"
321,closed,2026-09-06T15:47:00.249326+00:00,2026-09-06T15:47:55.416603+00:00,150,2,64,"1,2"
322,closed,2026-09-06T15:52:00.316894+00:00,2026-09-06T15:52:55.042068+00:00,90,2,64,"1,2"
323,closed,2026-09-06T15:57:00.388219+00:00,2026-09-06T15:58:55.417781+00:00,120,2,64,"1,2"
324,closed,2026-09-06T16:02:00.476019+00:00,2026-09-06T16:02:55.156057+00:00,150,2,64,"1,2"
325,closed,2026-09-06T16:07:00.599363+00:00,2026-09-06T16:07:55.258082+00:00,90,2,64,"1,2"
326,closed,2026-09-06T16:12:00.673455+00:00,2026-09-06T16:12:55.224980+00:00,120,2,64,"1,2"
327,closed,2026-09-06T16:17:00.737548+00:00,2026-09-06T16:17:55.238307+00:00,150,2,64,"1,2"
328,closed,2026-09-06T16:22:00.807838+00:00,2026-09-06T16:22:55.083560+00:00,90,2,64,"1,2"
329,closed,2026-09-06T16:27:00.881363+00:00,2026-09-06T16:29:00.919332+00:00,120,1,32,2
330,closed,2026-09-06T16:32:00.960824+00:00,2026-09-06T16:32:55.257834+00:00,150,2,64,"1,2"
331,closed,2026-09-06T16:37:01.033020+00:00,2026-09-06T16:38:31.065567+00:00,90,1,32,1
332,closed,2026-09-06T16:42:01.110596+00:00,2026-09-06T16:42:55.027533+00:00,120,2,64,"1,2"
333,closed,2026-09-06T16:47:01.177498+00:00,2026-09-06T16:47:55.154337+00:00,150,2,64,"1,2"
334,closed,2026-09-06T16:52:01.243552+00:00,2026-09-06T16:52:54.855392+00:00,90,2,64,"1,2"
335,closed,2026-09-06T16:57:01.315219+00:00,2026-09-06T16:57:55.011452+00:00,120,2,64,"1,2"
336,closed,2026-09-06T17:02:01.386610+00:00,2026-09-06T17:02:56.792515+00:00,150,2,64,"1,2"
337,closed,2026-09-06T17:07:01.451868+00:00,2026-09-06T17:07:56.863739+00:00,90,2,64,"1,2"
338,closed,2026-09-06T17:12:01.524672+00:00,2026-09-06T17:12:55.025507+00:00,120,2,64,"1,2"
339,closed,2026-09-06T17:17:01.594769+00:00,2026-09-06T17:17:55.421364+00:00,150,2,64,"1,2"
340,closed,2026-09-06T17:22:01.659364+00:00,2026-09-06T17:23:31.691696+00:00,90,1,32,2
341,closed,2026-09-06T17:27:01.733412+00:00,2026-09-06T17:29:01.776785+00:00,120,1,32,2
342,closed,2026-09-06T17:32:01.815940+00:00,2026-09-06T17:33:55.069640+00:00,150,2,64,"1,2"
343,closed,2026-09-06T17:37:01.931924+00:00,2026-09-06T17:38:31.964412+00:00,90,1,32,2
344,closed,2026-09-06T17:42:02.007581+00:00,2026-09-06T17:44:02.048369+00:00,120,1,32,2
345,closed,2026-09-06T17:47:02.087904+00:00,2026-09-06T17:49:32.140730+00:00,150,1,32,2
346,closed,2026-09-06T17:52:02.187347+00:00,2026-09-06T17:53:32.221838+00:00,90,1,32,2
347,closed,2026-09-06T17:57:02.267405+00:00,2026-09-06T17:59:02.311333+00:00,120,1,32,2
348,closed,2026-09-06T18:02:02.355056+00:00,2026-09-06T18:04:32.405248+00:00,150,1,32,2
349,closed,2026-09-06T18:07:02.440950+00:00,2026-09-06T18:07:54.739497+00:00,90,2,64,"1,2"
350,closed,2026-09-06T18:12:02.516964+00:00,2026-09-06T18:12:54.763826+00:00,120,2,64,"1,2"
351,closed,2026-09-06T18:17:02.585774+00:00,2026-09-06T18:17:54.793217+00:00,150,2,64,"1,2"
352,closed,2026-09-06T18:22:02.648524+00:00,2026-09-06T18:22:54.470212+00:00,90,2,64,"1,2"
353,closed,2026-09-06T18:27:02.717543+00:00,2026-09-06T18:29:02.764273+00:00,120,1,32,2
354,closed,2026-09-06T18:32:02.801143+00:00,2026-09-06T18:34:32.848282+00:00,150,1,32,2
355,closed,2026-09-06T18:37:02.885172+00:00,2026-09-06T18:38:32.919011+00:00,90,1,32,2
356,closed,2026-09-06T18:42:02.962683+00:00,2026-09-06T18:44:03.009350+00:00,120,1,32,2
357,closed,2026-09-06T18:47:03.043955+00:00,2026-09-06T18:49:33.095854+00:00,150,0,0,
358,closed,2026-09-06T18:52:03.126241+00:00,2026-09-06T18:53:33.161245+00:00,90,0,0,
359,closed,2026-09-06T18:57:03.209477+00:00,2026-09-06T18:59:03.255956+00:00,120,0,0,
