id,node_id,seq,temperature,humidity,rssi,snr,uptime_s,checksum_ok,error,received_at
1,2,0,0.6,0,-41,9.25,15,t,,2026-08-24 17:28:21.684877+00
2,2,1,30.2,55,-39,9.25,30,t,,2026-08-24 17:28:36.687329+00
3,2,2,30.7,55,-38,9.5,45,t,,2026-08-24 17:28:51.684885+00
4,2,3,30,55,-40,10,60,t,,2026-08-24 17:29:06.683542+00
5,2,4,30.7,55,-37,9.75,75,t,,2026-08-24 17:29:21.682537+00
6,2,5,30.5,55,-39,9.5,90,t,,2026-08-24 17:29:36.684189+00
7,2,6,30,55,-37,9.5,105,t,,2026-08-24 17:29:51.681996+00
8,2,7,30.4,55,-36,9.5,120,t,,2026-08-24 17:30:06.681036+00
9,2,9,30.8,55,-39,9,150,t,,2026-08-24 17:30:36.681016+00
10,2,10,30.7,55,-38,9.5,165,t,,2026-08-24 17:30:51.681525+00
11,2,11,30.7,55,-37,9.75,180,t,,2026-08-24 17:31:06.680475+00
12,2,12,30.9,55,-44,9,195,t,,2026-08-24 17:31:21.679127+00
13,2,14,30.6,55,-40,9.5,225,t,,2026-08-24 17:31:51.679448+00
14,2,15,30.4,55,-38,9.5,240,t,,2026-08-24 17:32:06.679842+00
15,2,16,30.5,55,-51,9.25,255,t,,2026-08-24 17:32:21.679294+00
16,2,17,30.4,55,-50,9.75,270,t,,2026-08-24 17:32:36.678184+00
17,2,18,30.2,55,-51,8.75,285,t,,2026-08-24 17:32:51.678147+00
18,2,19,30.8,55,-51,9,300,t,,2026-08-24 17:33:06.677838+00
19,2,20,30.4,55,-37,9.5,315,t,,2026-08-24 17:33:21.678586+00
20,2,21,30.1,55,-37,9.5,330,t,,2026-08-24 17:33:36.681449+00
21,2,22,30.5,55,-37,9.5,345,t,,2026-08-24 17:33:51.687752+00
22,2,23,30.2,55,-41,9.5,360,t,,2026-08-24 17:34:06.674845+00
23,2,24,30.2,55,-51,8.75,375,t,,2026-08-24 17:34:21.676854+00
24,2,25,30,55,-52,8.75,390,t,,2026-08-24 17:34:36.672766+00
25,2,26,30.4,55,-42,9.5,405,t,,2026-08-24 17:34:51.673312+00
26,2,27,30.4,55,-50,9,420,t,,2026-08-24 17:35:06.673742+00
27,2,28,30.2,55,-47,9.75,435,t,,2026-08-24 17:35:21.673803+00
28,2,29,30.8,54,-47,10.25,450,t,,2026-08-24 17:35:36.672357+00
29,2,30,30.1,55,-47,9.75,465,t,,2026-08-24 17:35:51.671472+00
30,2,31,30.1,55,-42,9.25,480,t,,2026-08-24 17:36:06.671405+00
31,2,32,30.7,55,-40,9.5,495,t,,2026-08-24 17:36:21.66937+00
32,2,33,30.2,54,-40,10.25,510,t,,2026-08-24 17:36:36.670951+00
33,2,34,30.1,54,-42,9.5,525,t,,2026-08-24 17:36:51.669817+00
34,2,35,30,55,-37,9.5,540,t,,2026-08-24 17:37:06.668147+00
35,2,36,30.2,55,-38,10,555,t,,2026-08-24 17:37:21.668899+00
36,2,37,30,55,-38,9.5,570,t,,2026-08-24 17:37:36.66772+00
37,2,38,30.7,55,-39,9.75,585,t,,2026-08-24 17:37:51.668994+00
38,2,39,30.7,54,-40,9.75,600,t,,2026-08-24 17:38:06.667035+00
39,2,40,30.2,55,-38,9.5,615,t,,2026-08-24 17:38:21.666281+00
40,2,41,30.5,55,-39,10,630,t,,2026-08-24 17:38:36.667098+00
41,2,42,30.2,54,-37,9.75,645,t,,2026-08-24 17:38:51.666021+00
42,2,43,30,54,-37,9.25,660,t,,2026-08-24 17:39:06.664508+00
43,2,44,30.5,54,-51,9.25,675,t,,2026-08-24 17:39:21.665419+00
44,2,45,30.3,54,-37,10,690,t,,2026-08-24 17:39:36.663888+00
45,2,46,30,54,-51,9.25,705,t,,2026-08-24 17:39:51.662127+00
46,2,47,30.3,54,-38,10.25,720,t,,2026-08-24 17:40:06.664204+00
47,2,48,30.8,55,-37,12.25,735,t,,2026-08-24 17:40:21.664627+00
48,2,49,30.2,55,-38,9.75,750,t,,2026-08-24 17:40:36.663166+00
49,2,50,30.7,55,-39,9.5,765,t,,2026-08-24 17:40:51.662782+00
50,2,51,30.7,55,-54,10.25,780,t,,2026-08-24 17:41:06.662813+00
51,2,52,30.3,55,-54,8.25,795,t,,2026-08-24 17:41:21.661903+00
52,2,53,30.1,55,-54,8.5,810,t,,2026-08-24 17:41:36.661515+00
53,2,54,30.8,55,-53,9,825,t,,2026-08-24 17:41:51.660829+00
54,2,55,30.1,54,-53,9,840,t,,2026-08-24 17:42:06.660752+00
55,2,56,30,55,-54,8.25,855,t,,2026-08-24 17:42:21.659199+00
56,2,57,30.8,55,-54,8.5,870,t,,2026-08-24 17:42:36.659251+00
57,2,58,30.2,55,-54,8.75,885,t,,2026-08-24 17:42:51.65974+00
58,2,59,30.8,55,-58,7,900,t,,2026-08-24 17:43:06.659448+00
59,2,60,30.6,55,-58,7,915,t,,2026-08-24 17:43:21.657166+00
60,2,61,30.2,55,-47,9.5,930,t,,2026-08-24 17:43:36.657799+00
61,2,62,30.4,55,-39,9.5,945,t,,2026-08-24 17:43:51.656797+00
62,2,63,30.7,55,-41,9.5,960,t,,2026-08-24 17:44:06.655372+00
63,2,64,30.6,55,-50,9.5,975,t,,2026-08-24 17:44:21.65684+00
64,2,65,30.1,55,-41,9.5,990,t,,2026-08-24 17:44:36.656355+00
65,2,66,30.1,55,-42,9.25,1005,t,,2026-08-24 17:44:51.655084+00
66,2,67,30.7,55,-39,9.75,1020,t,,2026-08-24 17:45:06.655453+00
67,2,68,30.2,55,-49,9.5,1035,t,,2026-08-24 17:45:21.653955+00
68,2,69,30.1,54,-47,9.75,1050,t,,2026-08-24 17:45:36.654119+00
69,2,70,30.9,55,-51,9.5,1065,t,,2026-08-24 17:45:51.654159+00
70,2,71,30.6,55,-52,9,1080,t,,2026-08-24 17:46:06.653776+00
71,2,72,30.1,55,-47,9.75,1095,t,,2026-08-24 17:46:21.653078+00
72,2,73,30.5,55,-53,9,1110,t,,2026-08-24 17:46:36.652679+00
73,2,74,30.8,55,-50,9.5,1125,t,,2026-08-24 17:46:51.651833+00
74,2,75,30.2,55,-52,8.5,1140,t,,2026-08-24 17:47:06.651008+00
75,2,76,30.1,55,-53,9.25,1155,t,,2026-08-24 17:47:21.650765+00
76,2,77,30.5,55,-54,10.5,1170,t,,2026-08-24 17:47:36.650831+00
77,2,79,30.2,55,-51,9,1200,t,,2026-08-24 17:48:06.649669+00
78,2,80,30.7,55,-52,9.25,1215,t,,2026-08-24 17:48:21.649641+00
79,2,81,30.7,55,-51,9.25,1230,t,,2026-08-24 17:48:36.649094+00
80,2,82,30.6,55,-52,9,1245,t,,2026-08-24 17:48:51.64899+00
81,2,83,30,55,-53,8.75,1260,t,,2026-08-24 17:49:06.650372+00
82,2,84,30,55,-52,9.25,1275,t,,2026-08-24 17:49:21.647321+00
83,2,85,30.9,55,-53,9.25,1290,t,,2026-08-24 17:49:36.646727+00
84,2,86,30.4,54,-52,9.25,1305,t,,2026-08-24 17:49:51.646211+00
85,2,87,30.2,54,-41,9.75,1320,t,,2026-08-24 17:50:06.646045+00
86,2,88,30.2,55,-41,9.75,1335,t,,2026-08-24 17:50:21.645619+00
87,2,89,30.2,55,-51,9.75,1350,t,,2026-08-24 17:50:36.644583+00
88,2,90,30.7,55,-49,10.25,1365,t,,2026-08-24 17:50:51.645047+00
89,2,91,30.5,55,-47,10,1380,t,,2026-08-24 17:51:06.641614+00
90,2,92,30.2,55,-51,10,1395,t,,2026-08-24 17:51:21.642698+00
91,2,93,30.5,55,-53,9.5,1410,t,,2026-08-24 17:51:36.641889+00
92,2,94,30.7,55,-54,10,1425,t,,2026-08-24 17:51:51.642856+00
93,2,95,30.4,55,-55,10,1440,t,,2026-08-24 17:52:06.640755+00
94,2,96,30.1,55,-51,9.75,1455,t,,2026-08-24 17:52:21.640129+00
95,1,0,26.9,65.8,-52,9.5,15,t,,2026-08-24 17:52:27.050767+00
96,2,97,30.8,55,-51,9.75,1470,t,,2026-08-24 17:52:36.641179+00
97,1,1,26.9,65.8,-52,9.75,30,t,,2026-08-24 17:52:42.048625+00
98,2,98,30.4,55,-52,9.25,1485,t,,2026-08-24 17:52:51.64007+00
99,1,2,26.6,66.3,-53,9.75,45,t,,2026-08-24 17:52:57.049438+00
100,2,99,30.2,55,-52,9.75,1500,t,,2026-08-24 17:53:06.639482+00
101,1,3,26.9,66.1,-53,9.75,60,t,,2026-08-24 17:53:12.049577+00
102,2,100,30,55,-41,10,1515,t,,2026-08-24 17:53:21.64556+00
103,1,4,26.8,65.8,-55,10.25,75,t,,2026-08-24 17:53:27.135165+00
104,2,101,30.7,55,-59,8.75,1530,t,,2026-08-24 17:53:36.63856+00
105,1,5,26.6,66.8,-52,10.25,90,t,,2026-08-24 17:53:42.048503+00
106,2,102,30.5,55,-51,9.75,1545,t,,2026-08-24 17:53:51.638055+00
107,1,6,26.8,66.7,-53,9.75,105,t,,2026-08-24 17:53:57.049076+00
108,2,103,30.3,55,-51,9.25,1560,t,,2026-08-24 17:54:06.637924+00
109,1,7,26.8,66.9,-53,9.75,120,t,,2026-08-24 17:54:12.047665+00
110,2,104,30.9,55,-51,10.25,1575,t,,2026-08-24 17:54:21.6358+00
111,1,8,26.8,66.7,-51,9.5,135,t,,2026-08-24 17:54:27.047397+00
112,2,105,30.9,55,-46,11,1590,t,,2026-08-24 17:54:36.637194+00
113,1,9,26.8,66.8,-52,9.5,150,t,,2026-08-24 17:54:42.047532+00
114,2,106,30.6,55,-50,9.25,1605,t,,2026-08-24 17:54:51.636949+00
115,1,10,26.8,67.1,-53,9.75,165,t,,2026-08-24 17:54:57.04897+00
116,2,107,30.1,55,-48,9.5,1620,t,,2026-08-24 17:55:06.727587+00
117,2,108,30.9,55,-59,8.75,1635,t,,2026-08-24 17:55:21.649218+00
118,2,109,30,55,-57,9,1650,t,,2026-08-24 17:55:36.635429+00
119,2,110,30.2,55,-48,10,1665,t,,2026-08-24 17:55:51.633897+00
120,2,111,30.5,55,-48,9.75,1680,t,,2026-08-24 17:56:06.638092+00
121,2,112,30.7,55,-48,10,1695,t,,2026-08-24 17:56:21.633508+00
122,2,113,30.8,55,-47,9.5,1710,t,,2026-08-24 17:56:36.633811+00
123,1,0,26.9,69.1,-54,10.25,15,t,,2026-08-24 17:56:37.21725+00
124,2,114,30.7,55,-55,9.5,1725,t,,2026-08-24 17:56:51.633365+00
125,1,1,26.9,68,-53,10.25,30,t,,2026-08-24 17:56:52.266815+00
126,2,115,30.4,55,-55,9.5,1740,t,,2026-08-24 17:57:06.63269+00
127,1,2,26.9,66.8,-53,10,45,t,,2026-08-24 17:57:07.216915+00
128,2,116,30.3,55,-54,9.75,1755,t,,2026-08-24 17:57:21.630727+00
129,1,3,26.9,66.7,-53,10,60,t,,2026-08-24 17:57:22.215803+00
130,2,117,30.1,55,-54,10,1770,t,,2026-08-24 17:57:36.632504+00
131,1,4,26.9,66.4,-53,10,75,t,,2026-08-24 17:57:37.214727+00
132,2,118,30.8,55,-54,9.5,1785,t,,2026-08-24 17:57:51.631706+00
133,1,5,26.9,66.4,-53,10.25,90,t,,2026-08-24 17:57:52.216387+00
134,2,119,30.8,55,-54,9.5,1800,t,,2026-08-24 17:58:06.630413+00
135,1,6,26.8,66.6,-53,9.5,105,t,,2026-08-24 17:58:07.291235+00
136,2,120,30.3,55,-54,9.5,1815,t,,2026-08-24 17:58:21.630067+00
137,1,7,26.8,66.7,-53,9.5,120,t,,2026-08-24 17:58:22.215371+00
138,2,121,30.1,55,-55,9.25,1830,t,,2026-08-24 17:58:36.628066+00
139,1,8,26.8,66.4,-52,10.25,135,t,,2026-08-24 17:58:37.213789+00
140,2,122,30.8,55,-54,9.25,1845,t,,2026-08-24 17:58:51.629806+00
141,1,9,26.8,66.5,-52,10.25,150,t,,2026-08-24 17:58:52.213375+00
142,2,123,30.2,55,-54,10,1860,t,,2026-08-24 17:59:06.630879+00
143,1,10,26.8,67.5,-52,9.75,165,t,,2026-08-24 17:59:07.215966+00
144,2,124,30.4,55,-49,9.5,1875,t,,2026-08-24 17:59:21.627866+00
145,1,11,26.8,66.9,-52,10.25,180,t,,2026-08-24 17:59:22.212898+00
146,2,125,30.5,55,-48,10.25,1890,t,,2026-08-24 17:59:36.628275+00
147,1,12,26.8,66.4,-53,9.75,195,t,,2026-08-24 17:59:37.212433+00
148,2,126,30.7,55,-47,10.75,1905,t,,2026-08-24 17:59:51.627401+00
149,1,13,26.8,66.5,-52,9.75,210,t,,2026-08-24 17:59:52.213358+00
150,2,127,30,55,-48,9.75,1920,t,,2026-08-24 18:00:06.630898+00
151,1,14,26.8,66.9,-53,9.75,225,t,,2026-08-24 18:00:07.211499+00
152,2,128,30.1,55,-54,2.75,1935,t,,2026-08-24 18:00:21.627052+00
153,1,15,26.8,66.2,-53,9.5,240,t,,2026-08-24 18:00:22.211984+00
154,2,129,30.6,55,-55,10,1950,t,,2026-08-24 18:00:36.6259+00
155,1,16,26.8,65.5,-51,9.75,255,t,,2026-08-24 18:00:37.211393+00
156,2,130,30.4,55,-49,9.75,1965,t,,2026-08-24 18:00:51.626087+00
157,1,17,26.8,65.3,-53,9.75,270,t,,2026-08-24 18:00:52.210791+00
158,2,131,30.2,55,-48,9.75,1980,t,,2026-08-24 18:01:06.62661+00
159,1,18,26.8,65.7,-53,10,285,t,,2026-08-24 18:01:07.211347+00
160,2,132,30.9,55,-54,9.5,1995,t,,2026-08-24 18:01:21.625049+00
161,1,19,26.8,66.1,-53,10,300,t,,2026-08-24 18:01:22.258805+00
162,2,133,30.6,55,-41,10.75,2010,t,,2026-08-24 18:01:36.622081+00
163,1,20,26.8,66,-57,9.5,315,t,,2026-08-24 18:01:37.208283+00
164,2,134,30,55,-49,10,2025,t,,2026-08-24 18:01:51.624597+00
165,1,21,26.7,67.1,-54,9.75,330,t,,2026-08-24 18:01:52.210653+00
166,2,135,30.1,55,-47,9.75,2040,t,,2026-08-24 18:02:06.623238+00
167,1,22,26.8,67,-54,9.5,345,t,,2026-08-24 18:02:07.208466+00
168,2,136,30.2,55,-40,10,2055,t,,2026-08-24 18:02:21.62378+00
169,1,23,26.8,67.2,-53,9.75,360,t,,2026-08-24 18:02:22.208876+00
170,2,137,30.4,56,-40,9.5,2070,t,,2026-08-24 18:02:36.621128+00
171,1,24,26.8,67,-53,9.75,375,t,,2026-08-24 18:02:37.207369+00
172,2,138,30,56,-48,10,2085,t,,2026-08-24 18:02:51.620476+00
173,1,25,26.8,66.8,-52,9.5,390,t,,2026-08-24 18:02:52.205831+00
174,2,139,30.5,56,-47,9.75,2100,t,,2026-08-24 18:03:06.621683+00
175,1,26,26.8,66.6,-53,10.75,405,t,,2026-08-24 18:03:07.207591+00
176,2,140,30.3,55,-48,10.25,2115,t,,2026-08-24 18:03:21.619843+00
177,1,27,26.8,66.7,-53,9.25,420,t,,2026-08-24 18:03:22.30882+00
178,2,141,30.2,55,-47,10.25,2130,t,,2026-08-24 18:03:36.618641+00
179,1,28,26.8,66.9,-51,9.5,435,t,,2026-08-24 18:03:37.207621+00
180,2,142,30.7,55,-41,9.75,2145,t,,2026-08-24 18:03:51.619568+00
181,1,29,26.8,66.9,-53,10,450,t,,2026-08-24 18:03:52.206503+00
182,2,143,30.6,56,-41,9.75,2160,t,,2026-08-24 18:04:06.618454+00
183,1,30,26.8,67.1,-53,9.75,465,t,,2026-08-24 18:04:07.205581+00
184,2,144,30.6,55,-55,9,2175,t,,2026-08-24 18:04:21.619535+00
185,1,31,26.8,67.6,-56,9.5,480,t,,2026-08-24 18:04:25.346444+00
186,2,145,30.9,55,-55,8.75,2190,t,,2026-08-24 18:04:36.61841+00
187,1,32,26.8,67.1,-57,9.5,495,t,,2026-08-24 18:04:37.205522+00
188,2,146,30.4,55,-43,9.5,2205,t,,2026-08-24 18:04:51.617758+00
189,1,33,26.7,66.7,-53,9.5,510,t,,2026-08-24 18:04:52.205169+00
190,2,147,30.3,55,-41,10,2220,t,,2026-08-24 18:05:06.615502+00
191,1,34,26.8,66.2,-54,9.5,525,t,,2026-08-24 18:05:07.20684+00
192,2,148,30.7,55,-50,9.5,2235,t,,2026-08-24 18:05:21.616432+00
193,1,35,26.8,66.1,-52,9.5,540,t,,2026-08-24 18:05:22.205497+00
194,2,149,30.1,55,-47,10,2250,t,,2026-08-24 18:05:36.646315+00
195,1,36,26.8,66,-52,10,555,t,,2026-08-24 18:05:37.250147+00
196,2,150,30.8,55,-49,9.5,2265,t,,2026-08-24 18:05:51.614152+00
197,1,37,26.8,66.5,-52,9.5,570,t,,2026-08-24 18:05:52.202764+00
198,2,151,30.6,55,-48,9.5,2280,t,,2026-08-24 18:06:06.615766+00
199,1,38,26.8,66.6,-51,10,585,t,,2026-08-24 18:06:07.202438+00
200,1,39,26.8,66.5,-52,9.25,600,t,,2026-08-24 18:06:22.202831+00
201,2,153,30.4,56,-47,9.5,2310,t,,2026-08-24 18:06:36.614904+00
202,1,40,26.8,66.9,-53,10.25,615,t,,2026-08-24 18:06:37.201456+00
203,2,154,30.4,55,-48,10,2325,t,,2026-08-24 18:06:51.614173+00
204,1,41,26.8,67.3,-53,9.75,630,t,,2026-08-24 18:06:52.202402+00
205,2,155,30.3,55,-48,9.5,2340,t,,2026-08-24 18:07:06.613382+00
206,1,42,26.7,67.1,-53,9.75,645,t,,2026-08-24 18:07:07.20314+00
207,1,43,26.7,66.6,-51,10,660,t,,2026-08-24 18:07:22.201276+00
208,2,157,30,55,-49,10,2370,t,,2026-08-24 18:07:36.612874+00
209,1,44,26.7,66.9,-51,9.5,675,t,,2026-08-24 18:07:37.201751+00
210,2,158,30.1,56,-48,10.75,2385,t,,2026-08-24 18:07:51.611176+00
211,1,45,26.7,67.3,-52,9.5,690,t,,2026-08-24 18:07:52.199953+00
212,2,159,30.1,55,-50,9.25,2400,t,,2026-08-24 18:08:06.611428+00
213,1,46,26.7,67.1,-51,9.75,705,t,,2026-08-24 18:08:07.199616+00
214,2,160,30.8,55,-53,9.75,2415,t,,2026-08-24 18:08:21.610841+00
215,1,47,26.7,66.8,-52,9.5,720,t,,2026-08-24 18:08:22.200162+00
216,2,161,30.5,56,-53,9.75,2430,t,,2026-08-24 18:08:36.60838+00
217,1,48,26.7,66.6,-52,9.5,735,t,,2026-08-24 18:08:37.19856+00
218,2,162,30.1,56,-52,9.25,2445,t,,2026-08-24 18:08:51.610076+00
219,1,49,26.7,67,-53,9.5,750,t,,2026-08-24 18:08:52.199427+00
220,2,163,30.1,56,-52,9.25,2460,t,,2026-08-24 18:09:06.611226+00
221,1,50,26.7,67.1,-53,9.75,765,t,,2026-08-24 18:09:07.198167+00
222,2,164,30,56,-51,9.5,2475,t,,2026-08-24 18:09:21.608508+00
223,1,51,26.7,67.2,-53,9.5,780,t,,2026-08-24 18:09:22.197838+00
224,1,52,26.7,66.9,-52,9.75,795,t,,2026-08-24 18:09:37.203045+00
225,2,166,30.2,56,-52,9.25,2505,t,,2026-08-24 18:09:51.60786+00
226,1,53,26.7,67.2,-53,9.75,810,t,,2026-08-24 18:09:52.197213+00
227,2,167,30.4,56,-51,9.25,2520,t,,2026-08-24 18:10:06.640703+00
228,1,54,26.7,67.4,-52,10,825,t,,2026-08-24 18:10:07.197817+00
229,2,168,30.7,56,-51,9.75,2535,t,,2026-08-24 18:10:21.607723+00
230,1,55,26.7,67.7,-52,10.5,840,t,,2026-08-24 18:10:22.196553+00
231,2,169,30.6,56,-51,10,2550,t,,2026-08-24 18:10:36.605804+00
232,1,56,26.7,67.8,-51,10,855,t,,2026-08-24 18:10:37.19908+00
233,2,170,30.9,55,-51,9.25,2565,t,,2026-08-24 18:10:51.608804+00
234,1,57,26.7,67.5,-52,9.5,870,t,,2026-08-24 18:10:52.198221+00
235,2,171,30.6,55,-54,9.25,2580,t,,2026-08-24 18:11:06.60578+00
236,1,58,26.6,66.7,-52,10.25,885,t,,2026-08-24 18:11:07.195755+00
237,2,172,30.3,55,-54,9,2595,t,,2026-08-24 18:11:21.604447+00
238,1,59,26.6,66.3,-53,9.5,900,t,,2026-08-24 18:11:22.261807+00
239,2,173,30,55,-54,9.25,2610,t,,2026-08-24 18:11:36.605623+00
240,1,60,26.6,66.2,-53,9.5,915,t,,2026-08-24 18:11:37.194774+00
241,2,174,30,55,-53,9.5,2625,t,,2026-08-24 18:11:51.603659+00
242,1,61,26.7,66.2,-52,9.75,930,t,,2026-08-24 18:11:52.195063+00
243,2,175,30.4,55,-54,9.25,2640,t,,2026-08-24 18:12:06.60304+00
244,1,62,26.6,66.5,-52,9.5,945,t,,2026-08-24 18:12:07.19661+00
245,2,176,30.3,55,-54,9.25,2655,t,,2026-08-24 18:12:21.603597+00
246,1,63,26.6,66.5,-53,9.5,960,t,,2026-08-24 18:12:22.193967+00
247,2,177,30.9,56,-54,9.25,2670,t,,2026-08-24 18:12:36.60247+00
248,1,64,26.6,67,-53,10,975,t,,2026-08-24 18:12:37.191743+00
249,2,178,30.9,56,-54,9.25,2685,t,,2026-08-24 18:12:51.600497+00
250,1,65,26.6,67.4,-53,9.75,990,t,,2026-08-24 18:12:52.193621+00
251,2,179,30,56,-36,10,2700,t,,2026-08-24 18:13:06.602038+00
252,1,66,26.6,67.5,-54,10,1005,t,,2026-08-24 18:13:07.19303+00
253,2,180,30,56,-36,9.5,2715,t,,2026-08-24 18:13:21.601212+00
254,1,67,26.6,67.3,-54,9.75,1020,t,,2026-08-24 18:13:22.192971+00
255,2,181,30.5,56,-36,9.5,2730,t,,2026-08-24 18:13:36.601891+00
256,1,68,26.6,67.2,-54,10.75,1035,t,,2026-08-24 18:13:37.192034+00
257,2,182,30.1,56,-37,9.25,2745,t,,2026-08-24 18:13:51.600404+00
258,1,69,26.6,67,-53,10,1050,t,,2026-08-24 18:13:52.190875+00
259,2,183,30.2,56,-39,9.75,2760,t,,2026-08-24 18:14:06.599496+00
260,1,70,26.6,67.2,-52,9.75,1065,t,,2026-08-24 18:14:07.191894+00
261,2,184,30.2,56,-37,10,2775,t,,2026-08-24 18:14:21.600412+00
262,1,71,26.6,67.9,-52,4.5,1080,t,,2026-08-24 18:14:22.194339+00
263,2,185,30.4,56,-37,9.75,2790,t,,2026-08-24 18:14:36.602411+00
264,1,72,26.6,68.1,-54,9.5,1095,t,,2026-08-24 18:14:37.188846+00
265,2,186,30,56,-65,2,2805,t,,2026-08-24 18:14:51.597736+00
266,1,73,26.7,68,-54,9.75,1110,t,,2026-08-24 18:14:52.190866+00
267,2,187,30.4,56,-55,9.75,2820,t,,2026-08-24 18:15:06.599148+00
268,1,74,26.7,68,-55,10,1125,t,,2026-08-24 18:15:07.189621+00
269,2,191,30.5,56,-48,10.25,2880,t,,2026-08-24 18:16:06.595728+00
270,1,78,26.8,66.5,-55,9.5,1185,t,,2026-08-24 18:16:07.189071+00
271,2,192,30.2,55,-39,11.5,2895,t,,2026-08-24 18:16:21.595623+00
272,1,79,26.8,66.2,-52,10,1200,t,,2026-08-24 18:16:22.187811+00
273,2,193,30.5,55,-56,9,2910,t,,2026-08-24 18:16:36.60242+00
274,1,80,26.8,67.4,-56,10,1215,t,,2026-08-24 18:16:37.212675+00
275,2,194,30,56,-38,9.75,2925,t,,2026-08-24 18:16:51.594879+00
276,1,81,26.8,66.7,-54,9.75,1230,t,,2026-08-24 18:16:52.187633+00
277,2,195,30.5,55,-38,9.75,2940,t,,2026-08-24 18:17:06.595044+00
278,1,82,26.8,66.3,-53,9.5,1245,t,,2026-08-24 18:17:07.187036+00
279,2,196,30.1,55,-41,10,2955,t,,2026-08-24 18:17:21.594218+00
280,1,83,26.8,65.9,-55,9.75,1260,t,,2026-08-24 18:17:22.187392+00
281,2,197,30.8,55,-42,9.75,2970,t,,2026-08-24 18:17:36.593003+00
282,1,84,26.8,66.1,-58,10,1275,t,,2026-08-24 18:17:37.186575+00
283,2,198,30.9,56,-41,9.5,2985,t,,2026-08-24 18:17:51.594217+00
284,1,85,26.8,66.3,-56,9.5,1290,t,,2026-08-24 18:17:52.184093+00
285,2,199,30.4,56,-41,9.75,3000,t,,2026-08-24 18:18:06.592214+00
286,1,86,26.8,66.6,-54,10,1305,t,,2026-08-24 18:18:07.186582+00
287,2,200,30.3,56,-48,9.75,3015,t,,2026-08-24 18:18:21.590967+00
288,1,87,26.8,66.4,-53,9.5,1320,t,,2026-08-24 18:18:22.185375+00
289,2,201,30.7,55,-41,9.75,3030,t,,2026-08-24 18:18:36.59226+00
290,1,88,26.8,66.7,-53,10,1335,t,,2026-08-24 18:18:37.185466+00
291,2,202,30.8,55,-47,9.5,3045,t,,2026-08-24 18:18:51.591585+00
292,1,89,26.8,67.1,-52,10,1350,t,,2026-08-24 18:18:52.184362+00
293,2,203,30.3,55,-40,9.75,3060,t,,2026-08-24 18:19:06.589627+00
294,1,90,26.8,66.2,-53,10,1365,t,,2026-08-24 18:19:07.183297+00
295,2,204,30.9,56,-52,9.75,3075,t,,2026-08-24 18:19:21.590647+00
296,1,91,26.8,66.3,-51,9.5,1380,t,,2026-08-24 18:19:22.184108+00
297,2,205,30.1,55,-38,10,3090,t,,2026-08-24 18:19:36.598922+00
298,1,92,26.8,66.6,-51,9.75,1395,t,,2026-08-24 18:19:37.184537+00
299,2,206,30.9,55,-39,9.75,3105,t,,2026-08-24 18:19:51.589078+00
300,1,93,26.8,67.3,-50,10,1410,t,,2026-08-24 18:19:54.483057+00
301,2,207,30.8,55,-40,10,3120,t,,2026-08-24 18:20:06.59552+00
302,1,94,26.8,67.9,-50,9.25,1425,t,,2026-08-24 18:20:08.759097+00
303,2,208,30.5,55,-40,9.75,3135,t,,2026-08-24 18:20:21.588284+00
304,1,95,26.8,67.2,-53,9.75,1440,t,,2026-08-24 18:20:22.182139+00
305,2,209,30.9,55,-53,9.75,3150,t,,2026-08-24 18:20:36.588735+00
306,1,96,26.8,66.8,-56,12,1455,t,,2026-08-24 18:20:37.182994+00
307,2,210,30.8,56,-46,9.5,3165,t,,2026-08-24 18:20:51.588157+00
308,1,97,26.9,66.6,-52,10.25,1470,t,,2026-08-24 18:20:52.181631+00
309,2,211,30.8,55,-37,10,3180,t,,2026-08-24 18:21:06.591032+00
310,1,98,26.8,66.3,-53,9.75,1485,t,,2026-08-24 18:21:07.180656+00
311,2,212,30.4,55,-37,9.25,3195,t,,2026-08-24 18:21:21.587529+00
312,1,99,26.8,66.1,-53,10,1500,t,,2026-08-24 18:21:22.181037+00
313,2,213,30.5,55,-58,8.75,3210,t,,2026-08-24 18:21:36.585556+00
314,1,100,26.8,66.2,-55,9.75,1515,t,,2026-08-24 18:21:37.180596+00
315,2,214,30.2,56,-55,9,3225,t,,2026-08-24 18:21:51.585343+00
316,1,101,26.8,66,-56,9.75,1530,t,,2026-08-24 18:21:52.181088+00
317,2,215,30.9,56,-40,9.5,3240,t,,2026-08-24 18:22:06.586339+00
318,1,102,26.8,66.3,-53,10.5,1545,t,,2026-08-24 18:22:07.180747+00
319,2,216,30.8,55,-56,8.75,3255,t,,2026-08-24 18:22:21.584041+00
320,1,103,26.7,66.4,-56,9.5,1560,t,,2026-08-24 18:22:22.178841+00
321,2,217,30.1,55,-40,10.25,3270,t,,2026-08-24 18:22:36.582922+00
322,1,104,26.8,66.1,-54,10,1575,t,,2026-08-24 18:22:37.203315+00
323,2,218,30,55,-60,7.75,3285,t,,2026-08-24 18:22:51.58425+00
324,1,105,26.8,66,-57,9.75,1590,t,,2026-08-24 18:22:52.178214+00
325,2,219,30.3,55,-59,7.75,3300,t,,2026-08-24 18:23:06.583802+00
326,1,106,26.8,65.9,-57,10,1605,t,,2026-08-24 18:23:07.179814+00
327,2,220,30.2,55,-59,8,3315,t,,2026-08-24 18:23:21.582765+00
328,1,107,26.8,65.9,-57,9.75,1620,t,,2026-08-24 18:23:22.178553+00
329,2,221,30.9,55,-39,9.75,3330,t,,2026-08-24 18:23:36.583067+00
330,1,108,26.8,65.8,-57,10,1635,t,,2026-08-24 18:23:37.178027+00
331,2,222,31.7,54,-64,6,3345,t,,2026-08-24 18:23:51.581702+00
332,1,109,26.6,65.6,-58,10,1650,t,,2026-08-24 18:23:52.178965+00
333,2,223,31.3,55,-40,9.75,3360,t,,2026-08-24 18:24:06.581622+00
334,1,110,26.8,65.6,-55,9.5,1665,t,,2026-08-24 18:24:07.178907+00
335,2,224,31.1,55,-55,9,3375,t,,2026-08-24 18:24:21.58178+00
336,1,111,26.8,65.8,-57,9.75,1680,t,,2026-08-24 18:24:22.17679+00
337,2,225,31.8,55,-38,9.5,3390,t,,2026-08-24 18:24:36.579462+00
338,1,112,26.8,66.1,-55,9.5,1695,t,,2026-08-24 18:24:37.176802+00
339,2,226,31.4,54,-41,9.75,3405,t,,2026-08-24 18:24:51.581088+00
340,1,113,26.8,66.2,-56,10,1710,t,,2026-08-24 18:24:52.176367+00
341,2,227,31.4,54,-40,9.75,3420,t,,2026-08-24 18:25:06.579695+00
342,1,114,26.9,66.3,-57,10.5,1725,t,,2026-08-24 18:25:07.177314+00
343,2,228,31.7,54,-40,9.75,3435,t,,2026-08-24 18:25:21.580263+00
344,1,115,26.8,65.7,-56,10,1740,t,,2026-08-24 18:25:22.175961+00
345,2,229,31.3,54,-41,9.75,3450,t,,2026-08-24 18:25:36.580689+00
346,1,116,26.8,65.4,-56,9.75,1755,t,,2026-08-24 18:25:37.1751+00
347,2,230,30.2,55,-39,10,3465,t,,2026-08-24 18:25:51.578572+00
348,1,117,26.8,65.2,-56,10,1770,t,,2026-08-24 18:25:52.175769+00
349,2,231,30.9,54,-42,9.75,3480,t,,2026-08-24 18:26:06.576358+00
350,1,118,26.8,64.8,-55,9.5,1785,t,,2026-08-24 18:26:07.174061+00
351,2,232,30,54,-39,9.75,3495,t,,2026-08-24 18:26:21.577481+00
352,1,119,26.8,64.6,-56,9.25,1800,t,,2026-08-24 18:26:22.172784+00
353,2,233,30,55,-56,8.5,3510,t,,2026-08-24 18:26:36.580064+00
354,1,120,26.8,64.6,-57,9.5,1815,t,,2026-08-24 18:26:37.195806+00
355,2,234,30.9,55,-56,8.5,3525,t,,2026-08-24 18:26:51.575865+00
356,1,121,26.8,65,-59,9.75,1830,t,,2026-08-24 18:26:52.172855+00
357,2,235,30.7,56,-52,9.75,3540,t,,2026-08-24 18:27:06.576664+00
358,1,122,26.8,65.1,-58,9.75,1845,t,,2026-08-24 18:27:07.173642+00
359,2,236,30.4,56,-57,8.5,3555,t,,2026-08-24 18:27:21.575188+00
360,1,123,26.8,65.2,-57,10.25,1860,t,,2026-08-24 18:27:22.172283+00
361,2,237,30.1,55,-58,9.5,3570,t,,2026-08-24 18:27:36.573847+00
362,1,124,26.8,65.6,-57,10,1875,t,,2026-08-24 18:27:37.170947+00
363,2,238,30.2,55,-39,9.5,3585,t,,2026-08-24 18:27:51.574625+00
364,1,125,26.8,65.7,-55,10.25,1890,t,,2026-08-24 18:27:52.172654+00
365,2,239,30.9,55,-52,9.75,3600,t,,2026-08-24 18:28:06.573488+00
366,1,126,26.8,65.6,-56,10.5,1905,t,,2026-08-24 18:28:07.171304+00
367,2,240,30.6,55,-48,10.5,3615,t,,2026-08-24 18:28:21.574709+00
368,1,127,26.8,65.6,-56,10.75,1920,t,,2026-08-24 18:28:22.172904+00
369,2,241,30.1,55,-40,10,3630,t,,2026-08-24 18:28:36.574166+00
370,1,128,26.8,65.8,-54,9.5,1935,t,,2026-08-24 18:28:37.179078+00
371,2,242,30.1,55,-51,10.25,3645,t,,2026-08-24 18:28:51.57221+00
372,1,129,26.9,66,-58,9.75,1950,t,,2026-08-24 18:28:52.170048+00
373,2,243,30,55,-45,9.5,3660,t,,2026-08-24 18:29:06.574718+00
374,1,130,26.9,66.1,-58,10,1965,t,,2026-08-24 18:29:07.17755+00
375,2,244,30.2,55,-41,9.25,3675,t,,2026-08-24 18:29:21.571598+00
376,1,131,26.9,67.6,-55,10.25,1980,t,,2026-08-24 18:29:22.170147+00
377,2,245,30,55,-38,10,3690,t,,2026-08-24 18:29:36.570672+00
378,1,132,26.9,67.2,-55,10,1995,t,,2026-08-24 18:29:37.169369+00
379,2,246,30.3,55,-53,9.5,3705,t,,2026-08-24 18:29:51.571259+00
380,1,133,26.9,66.6,-58,10,2010,t,,2026-08-24 18:29:52.169681+00
381,2,247,30.4,55,-54,9.75,3720,t,,2026-08-24 18:30:06.569339+00
382,1,134,26.9,66.1,-58,9.75,2025,t,,2026-08-24 18:30:07.169143+00
383,2,248,30,55,-53,9.5,3735,t,,2026-08-24 18:30:21.567918+00
384,1,135,26.9,65.5,-58,10.25,2040,t,,2026-08-24 18:30:22.17538+00
385,2,249,30.4,55,-53,10,3750,t,,2026-08-24 18:30:36.570483+00
386,1,136,26.9,65,-58,9.25,2055,t,,2026-08-24 18:30:37.170623+00
387,2,250,31,54,-53,10,3765,t,,2026-08-24 18:30:51.570284+00
388,1,137,26.9,64.8,-58,9.75,2070,t,,2026-08-24 18:30:52.168259+00
389,2,251,31.7,54,-52,10.25,3780,t,,2026-08-24 18:31:06.56956+00
390,1,138,26.9,64.6,-58,10,2085,t,,2026-08-24 18:31:07.167791+00
391,2,252,31.6,54,-52,9.5,3795,t,,2026-08-24 18:31:21.568258+00
392,1,139,26.8,64.5,-58,9.5,2100,t,,2026-08-24 18:31:22.16619+00
393,2,253,31.5,54,-53,9.75,3810,t,,2026-08-24 18:31:36.567574+00
394,1,140,26.9,64.5,-58,10.25,2115,t,,2026-08-24 18:31:37.169667+00
395,2,254,31.2,54,-53,9.5,3825,t,,2026-08-24 18:31:51.56789+00
396,1,141,26.9,64.5,-57,10.25,2130,t,,2026-08-24 18:31:52.16626+00
397,2,255,31.9,54,-56,9.25,3840,t,,2026-08-24 18:32:06.567496+00
398,1,142,26.9,64.3,-59,10.25,2145,t,,2026-08-24 18:32:07.16581+00
399,2,256,31.4,54,-56,9.5,3855,t,,2026-08-24 18:32:21.565406+00
400,1,143,27,64.6,-58,10.75,2160,t,,2026-08-24 18:32:22.166367+00
401,2,257,31.5,54,-55,10,3870,t,,2026-08-24 18:32:36.566447+00
402,1,144,27,64.5,-60,9.25,2175,t,,2026-08-24 18:32:37.165225+00
403,2,258,31,54,-52,10.25,3885,t,,2026-08-24 18:32:51.564993+00
404,1,145,27,65,-60,9.25,2190,t,,2026-08-24 18:32:52.165322+00
405,2,259,31.2,53,-54,10,3900,t,,2026-08-24 18:33:06.56334+00
406,1,146,27,64.6,-59,9.75,2205,t,,2026-08-24 18:33:07.165434+00
407,2,260,31.8,54,-55,12,3915,t,,2026-08-24 18:33:21.565066+00
408,1,147,27,64.2,-60,9.75,2220,t,,2026-08-24 18:33:22.163781+00
409,2,261,31.2,53,-53,9.75,3930,t,,2026-08-24 18:33:36.564242+00
410,1,148,27,64,-60,9.5,2235,t,,2026-08-24 18:33:37.165258+00
411,2,262,31.9,53,-48,10,3945,t,,2026-08-24 18:33:51.562806+00
412,1,149,27,63.9,-52,10,2250,t,,2026-08-24 18:33:52.163565+00
413,2,263,31.7,53,-48,10,3960,t,,2026-08-24 18:34:06.569857+00
414,1,150,27,63.9,-53,9.75,2265,t,,2026-08-24 18:34:07.18764+00
415,2,264,31.1,53,-52,9.75,3975,t,,2026-08-24 18:34:21.568786+00
416,1,151,26.9,63.9,-50,10,2280,t,,2026-08-24 18:34:22.164223+00
417,2,265,31.2,53,-52,9.25,3990,t,,2026-08-24 18:34:36.56093+00
418,1,152,26.9,64,-50,10.25,2295,t,,2026-08-24 18:34:37.162715+00
419,2,266,31.3,53,-51,9.5,4005,t,,2026-08-24 18:34:51.561548+00
420,1,153,26.9,64.5,-51,9.25,2310,t,,2026-08-24 18:34:52.160875+00
421,2,267,31.7,54,-51,10.25,4020,t,,2026-08-24 18:35:06.561528+00
422,1,154,26.9,64.7,-50,9.75,2325,t,,2026-08-24 18:35:07.16289+00
423,2,268,31.2,54,-53,9.75,4035,t,,2026-08-24 18:35:21.562053+00
424,1,155,26.9,65.2,-50,9.25,2340,t,,2026-08-24 18:35:22.162199+00
425,2,269,30.6,55,-53,9.75,4050,t,,2026-08-24 18:35:36.560786+00
426,1,156,26.8,65.7,-49,9.75,2355,t,,2026-08-24 18:35:37.161448+00
427,2,270,30.1,55,-53,10,4065,t,,2026-08-24 18:35:51.559363+00
428,1,157,26.8,66.1,-49,9.5,2370,t,,2026-08-24 18:35:52.161556+00
429,2,271,30.3,55,-53,10,4080,t,,2026-08-24 18:36:06.56081+00
430,1,158,26.8,66.3,-50,9.5,2385,t,,2026-08-24 18:36:07.160097+00
431,2,272,30.2,55,-51,11.75,4095,t,,2026-08-24 18:36:21.560531+00
432,1,159,26.8,66.5,-51,9.25,2400,t,,2026-08-24 18:36:22.160591+00
433,2,273,30.9,55,-51,9.75,4110,t,,2026-08-24 18:36:36.563692+00
434,1,160,26.8,66.5,-50,9.5,2415,t,,2026-08-24 18:36:37.163246+00
435,2,274,30,55,-51,9.5,4125,t,,2026-08-24 18:36:51.636131+00
436,1,161,26.8,66.5,-50,9.25,2430,t,,2026-08-24 18:36:52.261192+00
437,2,275,30,55,-51,9.75,4140,t,,2026-08-24 18:37:06.557033+00
438,1,162,26.8,66.7,-51,9.75,2445,t,,2026-08-24 18:37:07.159063+00
439,2,276,30.9,55,-51,9.5,4155,t,,2026-08-24 18:37:21.556551+00
440,1,163,26.8,66.8,-50,9.5,2460,t,,2026-08-24 18:37:22.158484+00
441,2,277,30.8,55,-50,9.25,4170,t,,2026-08-24 18:37:36.557169+00
442,1,164,26.7,66.7,-50,9.25,2475,t,,2026-08-24 18:37:37.159616+00
443,2,278,30.3,55,-50,9.5,4185,t,,2026-08-24 18:37:51.555745+00
444,1,165,26.7,66.5,-50,9.25,2490,t,,2026-08-24 18:37:52.158346+00
445,2,279,30.4,55,-51,9.5,4200,t,,2026-08-24 18:38:06.554655+00
446,1,166,26.7,66.5,-50,9.25,2505,t,,2026-08-24 18:38:07.15686+00
447,2,280,30.3,55,-50,9,4215,t,,2026-08-24 18:38:21.556048+00
448,1,167,26.7,66.6,-51,9.25,2520,t,,2026-08-24 18:38:22.158042+00
449,2,281,30.2,55,-50,9.25,4230,t,,2026-08-24 18:38:36.554539+00
450,1,168,26.7,66.7,-50,10,2535,t,,2026-08-24 18:38:37.155663+00
451,2,282,30.1,55,-52,9.75,4245,t,,2026-08-24 18:38:51.555418+00
452,1,169,26.7,66.8,-49,9.5,2550,t,,2026-08-24 18:38:52.156914+00
453,2,283,30,55,-49,9.75,4260,t,,2026-08-24 18:39:06.557263+00
454,1,170,26.7,66.9,-50,9.75,2565,t,,2026-08-24 18:39:07.162438+00
455,2,284,30.8,56,-49,10.25,4275,t,,2026-08-24 18:39:21.717677+00
456,1,171,26.7,67.4,-50,10,2580,t,,2026-08-24 18:39:22.404147+00
457,2,285,30.8,55,-48,10,4290,t,,2026-08-24 18:39:36.632251+00
458,1,172,26.7,67.5,-49,9.5,2595,t,,2026-08-24 18:39:37.179549+00
459,2,286,30.5,55,-48,10,4305,t,,2026-08-24 18:39:51.555608+00
460,1,173,26.7,67.4,-50,9.5,2610,t,,2026-08-24 18:39:52.155748+00
461,2,287,30.1,55,-47,9.75,4320,t,,2026-08-24 18:40:06.551659+00
462,1,174,26.7,66.9,-50,9.75,2625,t,,2026-08-24 18:40:07.156728+00
463,2,288,30.9,55,-48,9.75,4335,t,,2026-08-24 18:40:21.574644+00
464,1,175,26.7,66.4,-50,9.5,2640,t,,2026-08-24 18:40:22.219176+00
465,2,289,30.9,55,-48,9.25,4350,t,,2026-08-24 18:40:36.579102+00
466,1,176,26.8,66.3,-50,9.5,2655,t,,2026-08-24 18:40:37.154068+00
467,2,290,30.8,56,-47,9.5,4365,t,,2026-08-24 18:40:51.550856+00
468,1,177,26.8,66.4,-54,9.75,2670,t,,2026-08-24 18:40:52.195467+00
469,2,291,30.8,56,-48,9.5,4380,t,,2026-08-24 18:41:06.550722+00
470,1,178,26.8,66.7,-51,9.5,2685,t,,2026-08-24 18:41:07.152619+00
471,2,292,30.9,55,-49,9.5,4395,t,,2026-08-24 18:41:21.550058+00
472,1,179,26.8,66.3,-51,9.5,2700,t,,2026-08-24 18:41:22.152106+00
473,2,293,30,55,-50,9.75,4410,t,,2026-08-24 18:41:36.54833+00
474,1,180,26.8,66.4,-51,9.75,2715,t,,2026-08-24 18:41:37.153266+00
475,2,294,30.2,55,-50,9.5,4425,t,,2026-08-24 18:41:51.551639+00
476,1,181,26.8,66.5,-51,10.75,2730,t,,2026-08-24 18:41:52.157391+00
477,2,295,30.2,55,-49,9.25,4440,t,,2026-08-24 18:42:06.548218+00
478,1,182,26.8,66.5,-50,9.75,2745,t,,2026-08-24 18:42:07.152369+00
479,2,296,30.3,55,-51,9.5,4455,t,,2026-08-24 18:42:21.549037+00
480,1,183,26.8,66.5,-51,10.5,2760,t,,2026-08-24 18:42:22.151699+00
481,2,297,30.1,56,-50,9.5,4470,t,,2026-08-24 18:42:36.547246+00
482,1,184,26.8,66.3,-51,10,2775,t,,2026-08-24 18:42:37.150631+00
483,2,298,30.3,55,-49,10,4485,t,,2026-08-24 18:42:51.546152+00
484,1,185,26.8,66.4,-51,9.5,2790,t,,2026-08-24 18:42:52.151601+00
485,2,299,30,56,-50,9.25,4500,t,,2026-08-24 18:43:06.547104+00
486,1,186,26.8,66.5,-51,9.75,2805,t,,2026-08-24 18:43:07.150431+00
487,2,300,30.4,56,-49,9.25,4515,t,,2026-08-24 18:43:21.546062+00
488,1,187,26.8,66.5,-52,9.5,2820,t,,2026-08-24 18:43:22.149684+00
489,2,301,30.1,55,-50,9.5,4530,t,,2026-08-24 18:43:36.546265+00
490,1,188,26.8,66.6,-52,9.75,2835,t,,2026-08-24 18:43:37.151139+00
491,1,189,26.8,66.7,-51,10,2850,t,,2026-08-24 18:43:52.150631+00
492,2,303,30.9,55,-50,9.75,4560,t,,2026-08-24 18:44:06.561807+00
493,1,190,26.9,66.7,-51,9.5,2865,t,,2026-08-24 18:44:07.201824+00
494,2,304,30.3,55,-50,9.5,4575,t,,2026-08-24 18:44:21.546835+00
495,1,191,26.9,66.4,-52,9.5,2880,t,,2026-08-24 18:44:22.160058+00
496,2,305,30.2,55,-50,9.25,4590,t,,2026-08-24 18:44:36.543801+00
497,1,192,26.9,66.5,-51,9.75,2895,t,,2026-08-24 18:44:37.153804+00
498,2,306,31.1,55,-49,10,4605,t,,2026-08-24 18:44:51.548846+00
499,1,193,26.9,66.5,-51,9.25,2910,t,,2026-08-24 18:44:52.149057+00
500,2,307,31.9,55,-40,9.5,4620,t,,2026-08-24 18:45:06.542513+00
501,1,194,26.9,66.6,-51,9.5,2925,t,,2026-08-24 18:45:07.148044+00
502,2,308,31.2,54,-46,9.5,4635,t,,2026-08-24 18:45:21.542342+00
503,1,195,26.9,66.6,-51,9.5,2940,t,,2026-08-24 18:45:22.183668+00
504,2,309,31.6,54,-49,9.5,4650,t,,2026-08-24 18:45:36.541476+00
505,1,196,26.9,66.3,-51,9.75,2955,t,,2026-08-24 18:45:37.147499+00
506,2,310,31.3,55,-48,10,4665,t,,2026-08-24 18:45:51.542243+00
507,1,197,26.9,66,-51,10.25,2970,t,,2026-08-24 18:45:52.145977+00
508,2,311,31.8,55,-49,9.75,4680,t,,2026-08-24 18:46:06.542227+00
509,1,198,26.9,65.8,-52,9.75,2985,t,,2026-08-24 18:46:07.147068+00
510,2,312,31.3,55,-49,9.5,4695,t,,2026-08-24 18:46:21.539487+00
511,1,199,26.9,66,-52,11,3000,t,,2026-08-24 18:46:22.145668+00
512,2,313,31.7,54,-49,9.75,4710,t,,2026-08-24 18:46:36.55704+00
513,1,200,27,66