id,node_id,seq,round_id,n_samples,w0,w1,w2,w3,rssi,snr,checksum_ok,received_at
1127,2,924,72,32,0.481366,0.254075,0.076646,0.115944,-62,10,t,2026-09-05 15:58:59.897048+00
1128,2,928,72,32,0.481071,0.253836,0.076652,0.115952,-62,10,t,2026-09-05 15:59:59.864243+00
1129,1,416,72,32,0.471771,0.244479,0.061599,0.097448,-94,4.5,t,2026-09-05 16:00:06.75959+00
1130,2,932,72,32,0.479334,0.251864,0.075512,0.113986,-65,9.25,t,2026-09-05 16:00:59.654517+00
1131,1,420,72,32,0.471752,0.244455,0.061593,0.097436,-93,4.5,t,2026-09-05 16:01:06.667945+00
1132,2,936,72,32,0.479168,0.251537,0.076717,0.11524,-63,10.25,t,2026-09-05 16:01:59.591608+00
1133,1,424,72,32,0.471684,0.244381,0.061519,0.097341,-94,4.25,t,2026-09-05 16:02:07.585676+00
1134,2,940,72,32,0.478297,0.250723,0.07711,0.115286,-60,9.75,t,2026-09-05 16:02:59.697542+00
1135,1,428,72,32,0.471682,0.24437,0.061547,0.097372,-94,4,t,2026-09-05 16:03:06.645792+00
1136,2,944,73,32,0.475227,0.248088,0.07879,0.114918,-60,9.5,t,2026-09-05 16:03:59.729452+00
1137,1,432,73,32,0.471628,0.244263,0.061682,0.097499,-94,4.5,t,2026-09-05 16:04:06.764631+00
1138,2,948,73,32,0.478801,0.251578,0.076814,0.115779,-58,10.25,t,2026-09-05 16:04:59.667254+00
1139,1,436,73,32,0.469233,0.241977,0.063713,0.098165,-94,4.75,t,2026-09-05 16:05:06.69111+00
1140,2,952,73,32,0.478247,0.251085,0.077751,0.116638,-58,9.75,t,2026-09-05 16:05:59.629537+00
1141,1,440,73,32,0.469265,0.242008,0.063811,0.098273,-94,4.5,t,2026-09-05 16:06:06.855719+00
1142,2,956,73,32,0.477434,0.250441,0.07853,0.117285,-58,9.25,t,2026-09-05 16:06:59.692442+00
1143,1,444,73,32,0.469231,0.241973,0.063799,0.098246,-94,4.75,t,2026-09-05 16:07:06.737114+00
1144,2,960,73,32,0.475307,0.248358,0.077979,0.116262,-58,10,t,2026-09-05 16:07:59.774344+00
1145,1,448,73,32,0.469198,0.241943,0.063792,0.098227,-94,4.75,t,2026-09-05 16:08:06.939535+00
1146,2,964,74,32,0.471997,0.243497,0.079246,0.12035,-58,10,t,2026-09-05 16:08:59.753692+00
1147,1,452,74,32,0.469015,0.241766,0.06376,0.098134,-94,4.75,t,2026-09-05 16:09:06.780829+00
1148,2,968,74,32,0.475205,0.247053,0.076773,0.11744,-58,9.5,t,2026-09-05 16:09:59.879465+00
1149,1,456,74,32,0.466107,0.238234,0.064658,0.1008,-93,4.25,t,2026-09-05 16:10:06.45544+00
1150,2,972,74,32,0.47493,0.246141,0.076861,0.118133,-58,10,t,2026-09-05 16:10:59.806624+00
1151,1,460,74,32,0.466061,0.238196,0.064627,0.100752,-94,4.5,t,2026-09-05 16:11:06.680107+00
1152,2,976,74,32,0.474922,0.245319,0.077061,0.119239,-62,9.5,t,2026-09-05 16:11:59.746895+00
1153,1,464,74,32,0.466032,0.238173,0.064607,0.100726,-94,4.5,t,2026-09-05 16:12:06.712696+00
1154,2,980,74,32,0.474547,0.243974,0.076146,0.118626,-59,9.75,t,2026-09-05 16:12:59.816522+00
1155,1,468,74,32,0.466013,0.238157,0.064596,0.10071,-94,4.5,t,2026-09-05 16:13:06.751797+00
1156,2,984,74,32,0.474681,0.243395,0.076361,0.119583,-60,9.5,t,2026-09-05 16:13:59.625874+00
1157,1,472,74,32,0.466027,0.238174,0.064647,0.100766,-94,4.75,t,2026-09-05 16:14:06.632716+00
1158,2,988,74,32,0.474138,0.242483,0.076674,0.120493,-60,9.75,t,2026-09-05 16:14:59.723627+00
1159,1,476,74,32,0.466052,0.238198,0.064721,0.100845,-94,4.75,t,2026-09-05 16:15:06.655637+00
1160,2,992,74,32,0.474666,0.243159,0.077621,0.122589,-61,9.75,t,2026-09-05 16:15:59.629802+00
1161,1,480,74,32,0.465982,0.238138,0.064651,0.100747,-94,4.75,t,2026-09-05 16:16:06.724066+00
1162,2,996,74,32,0.474377,0.242856,0.077333,0.123063,-61,10,t,2026-09-05 16:16:59.608087+00
1163,1,484,74,32,0.465962,0.238125,0.064654,0.10074,-93,5.25,t,2026-09-05 16:17:06.716272+00
1164,2,1000,74,32,0.474946,0.243495,0.077593,0.124777,-59,9.5,t,2026-09-05 16:17:59.886602+00
1165,2,1004,74,32,0.474858,0.24349,0.076927,0.125128,-58,10,t,2026-09-05 16:18:59.664125+00
1166,1,492,74,32,0.465996,0.238174,0.064757,0.100854,-94,4.5,t,2026-09-05 16:19:06.652061+00
1167,1,496,74,32,0.46594,0.238125,0.064697,0.100773,-94,4.5,t,2026-09-05 16:20:06.678222+00
1168,2,1012,74,32,0.475147,0.244211,0.076697,0.126599,-59,9.5,t,2026-09-05 16:20:59.604366+00
1169,1,500,74,32,0.465927,0.238118,0.064704,0.100774,-94,4,t,2026-09-05 16:21:06.690589+00
1170,1,504,74,32,0.465916,0.238116,0.064707,0.100774,-93,4.25,t,2026-09-05 16:22:06.675654+00
1171,2,1020,74,32,0.473961,0.242929,0.076574,0.126961,-58,9.5,t,2026-09-05 16:22:59.603749+00
1172,1,508,74,32,0.46592,0.238124,0.064724,0.100794,-93,4.25,t,2026-09-05 16:23:06.719088+00
1173,2,1024,74,32,0.473648,0.242831,0.076765,0.12756,-58,9.75,t,2026-09-05 16:23:59.653233+00
1174,1,512,74,32,0.46591,0.238117,0.064722,0.100789,-93,4.25,t,2026-09-05 16:24:06.693513+00
1175,2,1028,74,32,0.473035,0.242339,0.076995,0.127909,-58,10.25,t,2026-09-05 16:24:59.586806+00
1176,1,516,74,32,0.465902,0.238112,0.064722,0.100785,-93,4.25,t,2026-09-05 16:25:06.820099+00
1177,2,1032,74,32,0.472434,0.241824,0.077102,0.128072,-58,9.75,t,2026-09-05 16:25:59.573982+00
1178,1,520,74,32,0.465894,0.238107,0.064723,0.100784,-93,4,t,2026-09-05 16:26:06.720353+00
1179,2,1036,74,32,0.471775,0.241284,0.07705,0.127993,-59,9.5,t,2026-09-05 16:26:59.543113+00
1180,1,524,74,32,0.465888,0.238104,0.064724,0.100783,-93,4,t,2026-09-05 16:27:06.671201+00
1181,2,1040,74,32,0.471438,0.24107,0.077219,0.128248,-59,10,t,2026-09-05 16:27:59.590412+00
1182,1,528,74,32,0.465882,0.238101,0.064723,0.10078,-93,4.25,t,2026-09-05 16:28:06.703109+00
1183,2,1044,74,32,0.470966,0.240825,0.077237,0.128276,-59,9.75,t,2026-09-05 16:28:59.541619+00
1184,1,532,74,32,0.4659,0.238121,0.06476,0.100823,-94,4.25,t,2026-09-05 16:29:06.741735+00
1185,1,536,74,32,0.465713,0.237937,0.064474,0.100473,-94,4,t,2026-09-05 16:30:06.730363+00
1186,2,1052,74,32,0.470513,0.240789,0.077874,0.129242,-58,9.5,t,2026-09-05 16:30:59.764417+00
1187,1,540,74,32,0.465828,0.238074,0.064698,0.100765,-94,4.25,t,2026-09-05 16:31:06.717299+00
1188,1,544,74,32,0.465804,0.238069,0.064705,0.100789,-93,4.25,t,2026-09-05 16:32:06.710764+00
1189,2,1060,74,32,0.469174,0.241033,0.078278,0.129853,-58,9.25,t,2026-09-05 16:32:59.557758+00
1190,1,548,74,32,0.465782,0.238065,0.064715,0.100818,-94,4,t,2026-09-05 16:33:06.894051+00
1191,2,1064,74,32,0.468394,0.240995,0.078426,0.130078,-58,9.25,t,2026-09-05 16:33:59.569677+00
1192,1,552,74,32,0.465759,0.238059,0.064722,0.100842,-94,4.5,t,2026-09-05 16:34:06.658843+00
1193,2,1068,74,32,0.467727,0.241276,0.078879,0.130763,-59,9.25,t,2026-09-05 16:34:59.626837+00
1194,1,556,74,32,0.465737,0.238054,0.06473,0.100867,-94,4.25,t,2026-09-05 16:35:06.689851+00
1195,2,1072,74,32,0.466646,0.241104,0.078931,0.130842,-58,10.5,t,2026-09-05 16:35:59.74663+00
1196,2,1076,74,32,0.46578,0.241102,0.079296,0.131396,-59,10,t,2026-09-05 16:36:59.548413+00
1197,1,564,74,32,0.465685,0.238033,0.064728,0.100899,-94,5.5,t,2026-09-05 16:37:06.573406+00
1198,2,1080,74,32,0.465279,0.241426,0.080007,0.132473,-59,9.75,t,2026-09-05 16:37:59.778549+00
1199,1,568,74,32,0.465699,0.238054,0.064772,0.100958,-94,5,t,2026-09-05 16:38:06.732702+00
1200,2,1084,74,32,0.464731,0.241446,0.080461,0.133162,-57,10,t,2026-09-05 16:38:59.559335+00
1201,1,572,74,32,0.46568,0.238035,0.064746,0.100925,-93,5,t,2026-09-05 16:39:06.73785+00
1202,2,1088,74,32,0.46367,0.240517,0.080281,0.132894,-58,10,t,2026-09-05 16:39:59.681373+00
1203,1,576,74,32,0.465676,0.238032,0.064745,0.100921,-94,4.75,t,2026-09-05 16:40:06.658102+00
1204,2,1092,74,32,0.462949,0.24002,0.080434,0.133133,-58,10.75,t,2026-09-05 16:40:59.585199+00
1205,1,580,74,32,0.465672,0.238029,0.064744,0.100919,-93,5,t,2026-09-05 16:41:06.667761+00
1206,2,1096,74,32,0.462295,0.23933,0.080338,0.133285,-59,9.75,t,2026-09-05 16:41:59.586053+00
1207,1,584,74,32,0.46567,0.238029,0.064747,0.100921,-93,4.75,t,2026-09-05 16:42:06.68442+00
1208,2,1100,74,32,0.462301,0.239268,0.081034,0.134461,-59,9.5,t,2026-09-05 16:42:59.566531+00
1209,1,588,74,32,0.46572,0.23808,0.064831,0.101023,-94,4.75,t,2026-09-05 16:43:06.643818+00
1210,2,1104,74,32,0.461552,0.238438,0.080823,0.134389,-57,10,t,2026-09-05 16:43:59.51231+00
1211,1,592,74,32,0.465666,0.238031,0.064762,0.100933,-97,3.5,t,2026-09-05 16:44:06.704227+00
1212,2,1108,74,32,0.460016,0.237123,0.079105,0.132512,-62,10,t,2026-09-05 16:44:59.715126+00
1213,1,596,74,32,0.465656,0.238027,0.064761,0.100928,-95,3.25,t,2026-09-05 16:45:06.729891+00
1214,2,1112,74,32,0.460305,0.237518,0.078999,0.133012,-67,9,t,2026-09-05 16:45:59.535564+00
1215,1,600,74,32,0.46565,0.238021,0.064758,0.100922,-95,3,t,2026-09-05 16:46:06.670292+00
1216,2,1116,74,32,0.460095,0.237362,0.078805,0.13298,-66,9.25,t,2026-09-05 16:46:59.638493+00
1217,1,604,74,32,0.465645,0.238018,0.064757,0.100919,-95,2.75,t,2026-09-05 16:47:06.640882+00
1218,2,1120,74,32,0.459733,0.237165,0.078674,0.132955,-67,9.5,t,2026-09-05 16:47:59.595604+00
1219,1,608,74,32,0.465642,0.238017,0.064759,0.100919,-96,2.25,t,2026-09-05 16:48:06.730794+00
1220,2,1148,74,32,0.459724,0.237666,0.08021,0.135569,-71,7.75,t,2026-09-05 16:54:59.519714+00
1221,1,636,74,32,0.465472,0.237938,0.064786,0.100916,-96,3.25,t,2026-09-05 16:55:06.64422+00
1222,2,1152,74,32,0.46015,0.238267,0.080553,0.136081,-69,8.75,t,2026-09-05 16:55:59.711175+00
1223,1,640,74,32,0.465386,0.237901,0.064804,0.100928,-95,3.75,t,2026-09-05 16:56:06.557823+00
1224,1,644,74,32,0.465316,0.23788,0.064858,0.100986,-95,3.25,t,2026-09-05 16:57:06.939166+00
1225,2,1160,74,32,0.458917,0.237679,0.080528,0.136044,-71,8,t,2026-09-05 16:57:59.792542+00
1226,1,648,74,32,0.465247,0.237859,0.064913,0.101044,-96,4,t,2026-09-05 16:58:06.618728+00
1227,2,1164,74,32,0.458266,0.237397,0.080912,0.136618,-67,9,t,2026-09-05 16:58:59.483003+00
1228,1,652,74,32,0.465194,0.237837,0.064938,0.101072,-95,3.25,t,2026-09-05 16:59:06.65286+00
1229,2,1168,75,32,0.456274,0.236261,0.082458,0.138926,-64,8.75,t,2026-09-05 16:59:59.49777+00
1230,1,656,75,32,0.464959,0.237776,0.065136,0.101301,-95,3.25,t,2026-09-05 17:00:06.854664+00
1231,1,660,75,32,0.455057,0.231483,0.065157,0.10947,-95,3.75,t,2026-09-05 17:01:06.806673+00
1232,2,1176,75,32,0.465518,0.242098,0.080217,0.129695,-61,9.25,t,2026-09-05 17:02:00.123663+00
1233,1,664,75,32,0.455009,0.231468,0.065188,0.109504,-95,4.5,t,2026-09-05 17:02:07.101545+00
1234,2,1180,75,32,0.465622,0.242517,0.081049,0.130937,-65,9,t,2026-09-05 17:03:00.120316+00
1235,1,668,75,32,0.454989,0.231454,0.065196,0.109515,-95,4.5,t,2026-09-05 17:03:06.377963+00
1236,2,1184,75,32,0.464525,0.241414,0.080479,0.130086,-62,9.25,t,2026-09-05 17:03:59.616274+00
1237,1,672,75,32,0.454988,0.231455,0.065201,0.10952,-94,4.5,t,2026-09-05 17:04:06.4824+00
1238,2,1188,76,32,0.463176,0.240656,0.081021,0.130894,-60,9.75,t,2026-09-05 17:05:01.593066+00
1239,1,676,76,32,0.454972,0.231447,0.065203,0.109519,-95,4.5,t,2026-09-05 17:05:07.222979+00
1240,2,1192,76,32,0.464906,0.241949,0.079648,0.129962,-60,9.75,t,2026-09-05 17:05:59.805925+00
1241,1,680,76,32,0.453997,0.230976,0.065161,0.110414,-95,4.75,t,2026-09-05 17:06:07.304027+00
1242,2,1196,76,32,0.464874,0.242046,0.080321,0.130967,-67,8.25,t,2026-09-05 17:06:59.749537+00
1243,2,1200,76,32,0.464221,0.241594,0.080488,0.131216,-63,9.5,t,2026-09-05 17:08:00.067526+00
1244,1,688,76,32,0.453965,0.230952,0.06513,0.110378,-94,5.25,t,2026-09-05 17:08:06.979334+00
1245,2,1204,76,32,0.463675,0.24149,0.080881,0.131803,-67,8.75,t,2026-09-05 17:08:59.767372+00
1246,2,1208,77,32,0.46057,0.239797,0.081824,0.13321,-64,9.25,t,2026-09-05 17:10:00.749435+00
1247,2,1212,77,32,0.460212,0.239606,0.081707,0.133035,-61,9.25,t,2026-09-05 17:10:59.786392+00
1248,1,700,77,32,0.450088,0.229316,0.065412,0.112982,-94,5.75,t,2026-09-05 17:11:07.540871+00
1249,2,1216,77,32,0.458933,0.238084,0.080366,0.131274,-61,9.25,t,2026-09-05 17:11:59.569981+00
1250,1,704,77,32,0.450082,0.229311,0.065409,0.112979,-94,5.25,t,2026-09-05 17:12:06.73947+00
1251,2,1220,77,32,0.459048,0.238203,0.080446,0.131816,-60,10,t,2026-09-05 17:13:00.193696+00
1252,1,708,77,32,0.450074,0.229308,0.065409,0.112978,-94,5.25,t,2026-09-05 17:13:07.153896+00
1253,2,1224,77,32,0.458369,0.237556,0.080037,0.131353,-60,9.25,t,2026-09-05 17:13:59.897221+00
1254,1,712,77,32,0.450069,0.229304,0.065409,0.112977,-95,5.25,t,2026-09-05 17:14:06.85189+00
1255,2,1228,78,32,0.456231,0.235663,0.083011,0.134615,-62,9.5,t,2026-09-05 17:14:59.776721+00
1256,1,716,78,32,0.450055,0.229299,0.065429,0.112991,-94,5.25,t,2026-09-05 17:15:06.691001+00
1257,2,1232,78,32,0.459173,0.238353,0.081225,0.134117,-61,9.75,t,2026-09-05 17:15:59.900129+00
1258,1,720,78,32,0.448137,0.227476,0.066379,0.114145,-94,5.25,t,2026-09-05 17:16:06.672521+00
1259,2,1236,78,32,0.458438,0.237504,0.081622,0.134457,-62,9.25,t,2026-09-05 17:16:59.811013+00
1260,1,724,78,32,0.448111,0.227451,0.066338,0.114098,-94,5.25,t,2026-09-05 17:17:06.773405+00
1261,2,1240,78,32,0.457817,0.236985,0.08248,0.135321,-63,9.5,t,2026-09-05 17:17:59.716247+00
1262,1,728,78,32,0.448124,0.227468,0.066364,0.114133,-94,5.5,t,2026-09-05 17:18:06.883514+00
1263,2,1244,78,32,0.455563,0.235209,0.082252,0.134114,-61,9.5,t,2026-09-05 17:18:59.72371+00
1264,1,732,78,32,0.448074,0.227421,0.06629,0.114045,-95,5.5,t,2026-09-05 17:19:06.886415+00
1265,2,1248,79,32,0.450337,0.233198,0.086028,0.135536,-61,9.75,t,2026-09-05 17:19:59.628329+00
1266,1,736,79,32,0.448096,0.227462,0.066368,0.114162,-94,5.25,t,2026-09-05 17:20:06.951047+00
1267,2,1252,79,32,0.453928,0.235476,0.082123,0.133348,-64,8.75,t,2026-09-05 17:21:00.045835+00
1268,1,740,79,32,0.444326,0.225443,0.06854,0.11542,-95,5.25,t,2026-09-05 17:21:07.212046+00
1269,2,1256,79,32,0.453103,0.235573,0.0822,0.133145,-65,9,t,2026-09-05 17:22:00.155057+00
1270,1,744,79,32,0.444313,0.225436,0.068527,0.115415,-94,5,t,2026-09-05 17:22:07.1254+00
1271,2,1260,79,32,0.452703,0.236082,0.082074,0.132859,-65,9.5,t,2026-09-05 17:23:00.157627+00
1272,1,748,79,32,0.444313,0.225441,0.068535,0.115436,-94,5.25,t,2026-09-05 17:23:06.814607+00
1273,2,1264,79,32,0.452044,0.236569,0.082462,0.132986,-63,9,t,2026-09-05 17:24:00.058102+00
1274,1,752,79,32,0.444258,0.225391,0.068455,0.115349,-95,4.75,t,2026-09-05 17:24:06.823604+00
1275,2,1268,80,32,0.448158,0.237188,0.085475,0.134414,-61,11.25,t,2026-09-05 17:24:59.822933+00
1276,1,756,80,32,0.444262,0.225428,0.068526,0.115478,-95,4.75,t,2026-09-05 17:25:07.406797+00
1277,2,1272,80,32,0.450877,0.236248,0.082823,0.13335,-61,9.5,t,2026-09-05 17:25:59.976988+00
1278,1,760,80,32,0.441397,0.226498,0.069465,0.115665,-94,5,t,2026-09-05 17:26:10.525605+00
1279,2,1276,80,32,0.450359,0.236183,0.083054,0.133637,-61,9,t,2026-09-05 17:26:59.563241+00
1280,1,764,80,32,0.441395,0.226498,0.069467,0.115676,-94,5.25,t,2026-09-05 17:27:07.354981+00
1281,2,1280,80,32,0.450094,0.236301,0.083531,0.134339,-61,9.75,t,2026-09-05 17:27:59.784378+00
1282,1,768,80,32,0.441393,0.226499,0.069467,0.115684,-95,4.75,t,2026-09-05 17:28:06.870529+00
1283,2,1284,80,32,0.449838,0.236165,0.083934,0.134932,-61,9.25,t,2026-09-05 17:28:59.682425+00
1284,1,772,80,32,0.44139,0.226498,0.069469,0.115691,-95,4.75,t,2026-09-05 17:29:07.346923+00
1285,2,1288,81,32,0.44699,0.234623,0.085184,0.136769,-62,9.5,t,2026-09-05 17:29:59.902349+00
1286,1,776,81,32,0.44137,0.226488,0.069478,0.115699,-95,4.75,t,2026-09-05 17:30:07.54222+00
1287,2,1292,81,32,0.448858,0.235454,0.083075,0.134681,-62,9.5,t,2026-09-05 17:31:00.016531+00
1288,1,780,81,32,0.439348,0.225725,0.069768,0.116908,-95,4.5,t,2026-09-05 17:31:06.972725+00
1289,2,1296,81,32,0.4486,0.235496,0.083907,0.135905,-62,9.5,t,2026-09-05 17:31:59.591417+00
1290,1,784,81,32,0.439295,0.225671,0.069686,0.116807,-95,4.5,t,2026-09-05 17:32:07.290091+00
1291,2,1300,81,32,0.447467,0.23482,0.0839,0.135894,-60,9.75,t,2026-09-05 17:33:00.109329+00
1292,2,1304,81,32,0.446371,0.234032,0.08393,0.135938,-60,9.25,t,2026-09-05 17:33:59.621511+00
1293,1,792,81,32,0.439326,0.225721,0.069754,0.116891,-95,5,t,2026-09-05 17:34:06.77943+00
1294,2,1308,82,32,0.442011,0.230411,0.086449,0.139643,-60,9.5,t,2026-09-05 17:34:59.679825+00
1295,1,796,82,32,0.439295,0.225744,0.069764,0.116903,-95,5,t,2026-09-05 17:35:07.166335+00
1296,2,1312,82,32,0.446089,0.233442,0.084898,0.13826,-60,9,t,2026-09-05 17:35:59.839519+00
1297,1,800,82,32,0.435916,0.223349,0.070698,0.119138,-94,5,t,2026-09-05 17:36:06.903484+00
1298,2,1316,82,32,0.444775,0.232089,0.084771,0.138072,-60,9.25,t,2026-09-05 17:36:59.41493+00
1299,1,804,82,32,0.435913,0.223355,0.070702,0.119143,-95,4.5,t,2026-09-05 17:37:06.975176+00
1300,2,1320,82,32,0.444192,0.231222,0.085539,0.139202,-60,9.75,t,2026-09-05 17:37:59.647253+00
1301,1,808,82,32,0.435904,0.223356,0.070699,0.11914,-95,4.5,t,2026-09-05 17:38:06.819468+00
1302,2,1324,82,32,0.443365,0.230139,0.085922,0.139766,-59,9,t,2026-09-05 17:38:59.959698+00
1303,1,812,82,32,0.435899,0.223362,0.070703,0.119146,-95,5.25,t,2026-09-05 17:39:06.721897+00
1304,2,1328,83,32,0.440583,0.225821,0.087802,0.142529,-61,9.5,t,2026-09-05 17:39:59.410318+00
1305,1,816,83,32,0.435868,0.223379,0.070699,0.119144,-95,5.5,t,2026-09-05 17:40:06.89136+00
1306,2,1332,83,32,0.443286,0.22967,0.085427,0.139921,-60,11.75,t,2026-09-05 17:40:59.565001+00
1307,1,820,83,32,0.433335,0.219725,0.071631,0.121439,-94,5.25,t,2026-09-05 17:41:07.037088+00
1308,2,1336,83,32,0.442764,0.229456,0.085901,0.140617,-61,9.75,t,2026-09-05 17:41:59.798672+00
1309,2,1340,83,32,0.442205,0.229535,0.086164,0.141005,-59,9,t,2026-09-05 17:42:59.578396+00
1310,1,828,83,32,0.433219,0.219646,0.071571,0.121346,-94,5.25,t,2026-09-05 17:43:06.730324+00
1311,2,1344,83,32,0.441257,0.229306,0.086031,0.14081,-59,9,t,2026-09-05 17:43:59.686256+00
1312,1,832,83,32,0.433227,0.219674,0.071651,0.121435,-94,5,t,2026-09-05 17:44:06.913522+00
1313,1,836,84,32,0.432923,0.219534,0.071595,0.121353,-94,5.25,t,2026-09-05 17:45:06.929648+00
1314,2,1352,84,32,0.444246,0.231105,0.08452,0.14036,-59,9.5,t,2026-09-05 17:45:59.861493+00
1315,1,840,84,32,0.432846,0.219463,0.071508,0.121244,-95,5,t,2026-09-05 17:46:06.769239+00
1316,2,1356,84,32,0.443686,0.231016,0.084442,0.140245,-58,9.25,t,2026-09-05 17:46:59.606623+00
1317,1,844,84,32,0.432768,0.219404,0.071491,0.121218,-95,5.5,t,2026-09-05 17:47:07.087903+00
1318,2,1360,84,32,0.443465,0.231657,0.085153,0.141292,-60,9.25,t,2026-09-05 17:48:00.444451+00
1319,1,848,84,32,0.432699,0.219352,0.071506,0.121233,-94,5.5,t,2026-09-05 17:48:07.995219+00
1320,2,1364,84,32,0.442539,0.231208,0.085086,0.141193,-60,9.75,t,2026-09-05 17:48:59.828002+00
1321,1,852,84,32,0.432719,0.219378,0.071635,0.121379,-94,5,t,2026-09-05 17:49:06.785471+00
1322,2,1368,85,32,0.440097,0.228751,0.08659,0.143404,-58,9.25,t,2026-09-05 17:50:00.190727+00
1323,2,1372,85,32,0.439589,0.228297,0.086368,0.143078,-58,10,t,2026-09-05 17:50:59.94208+00
1324,1,860,85,32,0.430058,0.21871,0.070774,0.123993,-94,6,t,2026-09-05 17:51:09.731125+00
1325,2,1376,85,32,0.43925,0.22795,0.086629,0.143461,-57,9.5,t,2026-09-05 17:51:59.576084+00
1326,1,864,85,32,0.430044,0.218699,0.070819,0.124033,-94,5.5,t,2026-09-05 17:52:06.9197+00
1327,2,1380,85,32,0.43835,0.226918,0.086914,0.14388,-58,9.75,t,2026-09-05 17:52:59.641505+00
1328,1,868,85,32,0.430026,0.218668,0.070837,0.124048,-94,5.5,t,2026-09-05 17:53:06.830163+00
1329,2,1384,85,32,0.437708,0.226041,0.08747,0.144698,-59,8.75,t,2026-09-05 17:53:59.797225+00
1330,1,872,85,32,0.429933,0.218579,0.070708,0.12389,-94,5.75,t,2026-09-05 17:54:07.844673+00
1331,2,1388,86,32,0.435202,0.221653,0.089565,0.147779,-60,9.5,t,2026-09-05 17:54:59.954367+00
1332,1,876,86,32,0.429872,0.218513,0.070668,0.123863,-94,4.75,t,2026-09-05 17:55:07.100153+00
1333,2,1392,86,32,0.437971,0.225528,0.086868,0.145751,-59,9.5,t,2026-09-05 17:55:59.565638+00
1334,1,880,86,32,0.427263,0.214811,0.071783,0.12563,-95,5.5,t,2026-09-05 17:56:06.937845+00
1335,2,1396,86,32,0.436929,0.224807,0.087023,0.145979,-59,10,t,2026-09-05 17:56:59.777391+00
1336,1,884,86,32,0.427328,0.214886,0.071891,0.125776,-94,4.75,t,2026-09-05 17:57:06.738974+00
1337,2,1400,86,32,0.436118,0.224681,0.087299,0.146414,-60,9.25,t,2026-09-05 17:57:59.782392+00
1338,1,888,86,32,0.427319,0.214881,0.071877,0.125767,-95,5.25,t,2026-09-05 17:58:06.960757+00
1339,2,1404,86,32,0.435093,0.22445,0.087288,0.146404,-59,9.25,t,2026-09-05 17:58:59.884867+00
1340,1,892,86,32,0.42731,0.214879,0.071871,0.125764,-95,4.75,t,2026-09-05 17:59:07.059562+00
1341,2,1408,87,32,0.431557,0.225703,0.089061,0.148992,-60,9.5,t,2026-09-05 17:59:59.657297+00
1342,1,896,87,32,0.427244,0.214853,0.07187,0.125782,-95,6,t,2026-09-05 18:00:06.854491+00
1343,2,1412,87,32,0.434719,0.22599,0.087027,0.146933,-60,9.5,t,2026-09-05 18:00:59.699553+00
1344,1,900,87,32,0.4241,0.214979,0.072087,0.127141,-95,5,t,2026-09-05 18:01:07.072645+00
1345,2,1416,87,32,0.434159,0.226374,0.087829,0.147825,-60,9.5,t,2026-09-05 18:01:59.603777+00
1346,1,904,87,32,0.424087,0.214972,0.072089,0.127141,-95,5.25,t,2026-09-05 18:02:07.07964+00
1347,2,1420,87,32,0.433146,0.226153,0.088338,0.148242,-61,9.75,t,2026-09-05 18:03:01.147374+00
1348,1,908,87,32,0.423962,0.214854,0.071912,0.126926,-95,4.75,t,2026-09-05 18:03:06.949655+00
1349,2,1424,87,32,0.432351,0.225986,0.088902,0.148712,-59,9.5,t,2026-09-05 18:04:00.123128+00
1350,1,912,87,32,0.42403,0.214931,0.072052,0.127096,-94,5.25,t,2026-09-05 18:04:06.887859+00
1351,2,1428,88,32,0.42776,0.224243,0.09081,0.150258,-60,10,t,2026-09-05 18:04:59.92404+00
1352,1,916,88,32,0.423999,0.214929,0.072124,0.127174,-94,5.75,t,2026-09-05 18:05:06.956103+00
1353,2,1432,88,32,0.431284,0.225079,0.088111,0.148369,-60,9.25,t,2026-09-05 18:05:59.727973+00
1354,1,920,88,32,0.420576,0.214288,0.073061,0.128461,-95,4.75,t,2026-09-05 18:06:06.972009+00
1355,2,1436,88,32,0.430729,0.22447,0.088464,0.148758,-67,9.25,t,2026-09-05 18:06:59.435089+00
1356,1,924,88,32,0.420566,0.214286,0.073073,0.128472,-94,5.25,t,2026-09-05 18:07:07.019152+00
1357,2,1440,88,32,0.430213,0.223964,0.088772,0.149143,-66,8.75,t,2026-09-05 18:07:59.547254+00
1358,1,928,88,32,0.420615,0.214346,0.073181,0.128601,-95,5.5,t,2026-09-05 18:08:06.823233+00
1359,2,1444,88,32,0.42985,0.223695,0.088968,0.149676,-67,11,t,2026-09-05 18:08:59.756522+00
1360,1,932,88,32,0.420541,0.214292,0.073102,0.128504,-94,5.5,t,2026-09-05 18:09:06.82194+00
1361,2,1448,89,32,0.428393,0.223091,0.089089,0.1501,-67,9,t,2026-09-05 18:09:59.648457+00
1362,1,936,89,32,0.420434,0.214273,0.07312,0.128519,-95,5.5,t,2026-09-05 18:10:06.775457+00
1363,1,940,89,32,0.419336,0.213612,0.073038,0.129481,-94,5.75,t,2026-09-05 18:11:06.839119+00
1364,2,1456,89,32,0.430093,0.224449,0.088138,0.149501,-67,9,t,2026-09-05 18:11:59.776265+00
1365,1,944,89,32,0.419321,0.21361,0.073032,0.129477,-94,5.25,t,2026-09-05 18:12:06.943387+00
1366,2,1460,89,32,0.43008,0.22433,0.088385,0.149859,-67,9,t,2026-09-05 18:12:59.577971+00
1367,1,948,89,32,0.419315,0.213613,0.073031,0.129479,-94,5,t,2026-09-05 18:13:07.051525+00
1368,2,1464,89,32,0.429868,0.224022,0.088434,0.14993,-66,9,t,2026-09-05 18:14:01.633576+00
1369,1,952,89,32,0.419302,0.213609,0.073018,0.129468,-94,5.5,t,2026-09-05 18:14:10.957514+00
1370,2,1468,90,32,0.429338,0.223112,0.089208,0.151053,-64,9.5,t,2026-09-05 18:15:01.332308+00
1371,1,956,90,32,0.419277,0.213627,0.073007,0.129473,-93,5.75,t,2026-09-05 18:15:07.068887+00
1372,2,1472,90,32,0.43026,0.224189,0.088109,0.150411,-63,9.75,t,2026-09-05 18:15:59.697863+00
1373,1,960,90,32,0.419049,0.213111,0.072744,0.130078,-94,5.75,t,2026-09-05 18:16:07.169054+00
1374,2,1476,90,32,0.429558,0.223065,0.087839,0.150019,-61,9.5,t,2026-09-05 18:16:59.811256+00
1375,1,964,90,32,0.41905,0.213112,0.072744,0.130079,-94,5,t,2026-09-05 18:17:06.872963+00
1376,2,1480,90,32,0.429472,0.222846,0.088557,0.15106,-60,9.5,t,2026-09-05 18:17:59.612023+00
1377,1,968,90,32,0.419052,0.213115,0.072747,0.130083,-94,5.5,t,2026-09-05 18:18:07.317453+00
1378,2,1484,90,32,0.429003,0.222402,0.088879,0.151528,-59,9,t,2026-09-05 18:18:59.619855+00
1379,1,972,90,32,0.419061,0.213125,0.072762,0.130105,-94,5.75,t,2026-09-05 18:19:06.867578+00
1380,2,1488,91,32,0.426882,0.220452,0.089963,0.153099,-61,9,t,2026-09-05 18:19:59.689104+00
1381,1,976,91,32,0.41904,0.213123,0.072758,0.130107,-94,5.75,t,2026-09-05 18:20:07.363886+00
1382,2,1492,91,32,0.428895,0.222755,0.088532,0.151997,-58,9.25,t,2026-09-05 18:20:59.630544+00
1383,1,980,91,32,0.4177,0.211529,0.072993,0.131415,-94,5,t,2026-09-05 18:21:06.758339+00
1384,2,1496,91,32,0.428367,0.222195,0.088905,0.152538,-59,9.5,t,2026-09-05 18:21:59.637752+00
1385,1,984,91,32,0.417718,0.211551,0.07303,0.131462,-94,5,t,2026-09-05 18:22:06.818775+00
1386,2,1500,91,32,0.427478,0.221216,0.088895,0.152524,-59,9.5,t,2026-09-05 18:22:59.857406+00
1387,1,988,91,32,0.417693,0.211531,0.073002,0.131428,-94,5.25,t,2026-09-05 18:23:06.716495+00
1388,2,1504,91,32,0.427372,0.22123,0.08964,0.153604,-60,9.25,t,2026-09-05 18:23:59.644784+00
1389,1,992,91,32,0.417684,0.211525,0.072998,0.131423,-94,5,t,2026-09-05 18:24:06.343784+00
1390,2,1508,92,32,0.425197,0.220472,0.090806,0.155293,-60,9.75,t,2026-09-05 18:24:59.767714+00
1391,1,996,92,32,0.417648,0.211514,0.073004,0.131433,-94,5.25,t,2026-09-05 18:25:06.341589+00
1392,2,1512,92,32,0.427791,0.22229,0.08925,0.154008,-60,9.75,t,2026-09-05 18:25:59.559483+00
1393,1,1000,92,32,0.415921,0.210494,0.073164,0.132715,-94,5,t,2026-09-05 18:26:07.1393+00
1394,2,1516,92,32,0.42718,0.221363,0.089014,0.153666,-60,9.5,t,2026-09-05 18:26:59.674059+00
1395,1,1004,92,32,0.415923,0.210496,0.073171,0.132726,-94,5.25,t,2026-09-05 18:27:06.737416+00
1396,2,1520,92,32,0.426226,0.220227,0.088557,0.153004,-60,9.75,t,2026-09-05 18:27:59.577924+00
1397,1,1008,92,32,0.415923,0.210497,0.073174,0.13273,-93,6,t,2026-09-05 18:28:06.846889+00
1398,2,1524,92,32,0.426112,0.22,0.088871,0.153459,-60,9.75,t,2026-09-05 18:28:59.891114+00
1399,1,1012,92,32,0.415917,0.21049,0.073166,0.132721,-94,6.75,t,2026-09-05 18:29:06.889672+00
1400,2,1528,93,32,0.425566,0.219256,0.090056,0.155177,-60,9.5,t,2026-09-05 18:29:59.696048+00
1401,1,1016,93,32,0.415913,0.210485,0.073162,0.132721,-93,6,t,2026-09-05 18:30:07.058972+00
1402,2,1532,93,32,0.42656,0.220622,0.08838,0.153762,-60,9.5,t,2026-09-05 18:30:59.59865+00
1403,1,1020,93,32,0.41532,0.209455,0.072994,0.133454,-93,5.75,t,2026-09-05 18:31:06.861081+00
1404,2,1536,93,32,0.425942,0.220057,0.088066,0.153308,-60,9.5,t,2026-09-05 18:31:59.604316+00
1405,1,1024,93,32,0.415342,0.209482,0.073053,0.13352,-94,5.5,t,2026-09-05 18:32:08.269062+00
1406,2,1540,93,32,0.425664,0.219941,0.088513,0.153955,-60,9.75,t,2026-09-05 18:32:59.492792+00
1407,1,1028,93,32,0.415338,0.209483,0.07307,0.133534,-94,5.5,t,2026-09-05 18:33:07.393444+00
1408,2,1544,93,32,0.425085,0.219688,0.08881,0.154386,-60,9.75,t,2026-09-05 18:33:59.520705+00
1409,2,1548,94,32,0.423338,0.21939,0.089627,0.15557,-59,10,t,2026-09-05 18:34:59.681285+00
1410,1,1036,94,32,0.415265,0.20945,0.073113,0.133555,-94,5.25,t,2026-09-05 18:35:06.95848+00
1411,2,1552,94,32,0.425075,0.220358,0.088291,0.154593,-60,9.25,t,2026-09-05 18:35:59.929869+00
1412,1,1040,94,32,0.414056,0.20918,0.073042,0.134416,-94,5.25,t,2026-09-05 18:36:06.492734+00
1413,2,1556,94,32,0.424492,0.220089,0.08829,0.154591,-64,9.25,t,2026-09-05 18:36:59.635468+00
1414,1,1044,94,32,0.414043,0.209173,0.073052,0.134422,-93,6.25,t,2026-09-05 18:37:07.114292+00
1415,2,1560,94,32,0.424314,0.220295,0.0888,0.155331,-68,9.25,t,2026-09-05 18:37:59.540918+00
1416,1,1048,94,32,0.414025,0.209163,0.073056,0.13442,-93,6.25,t,2026-09-05 18:38:06.320797+00
1417,2,1564,94,32,0.423786,0.220116,0.088787,0.155312,-60,9,t,2026-09-05 18:38:59.564223+00
1418,1,1052,94,32,0.414011,0.209152,0.073042,0.134405,-94,5.75,t,2026-09-05 18:39:07.021675+00
1419,2,1568,95,32,0.422004,0.219178,0.089689,0.156619,-60,9.5,t,2026-09-05 18:39:59.767748+00
1420,1,1056,95,32,0.413993,0.209139,0.073024,0.134399,-94,5.75,t,2026-09-05 18:40:06.874039+00
1421,2,1572,95,32,0.423537,0.219886,0.087988,0.155121,-60,9.5,t,2026-09-05 18:41:00.12964+00
1422,1,1060,95,32,0.412705,0.208868,0.07293,0.135259,-94,5.5,t,2026-09-05 18:41:06.724318+00
1423,2,1576,95,32,0.42334,0.220095,0.088569,0.155962,-60,9.25,t,2026-09-05 18:41:59.464513+00
1424,1,1064,95,32,0.412702,0.208866,0.072928,0.135258,-95,5.5,t,2026-09-05 18:42:06.842557+00
1425,2,1580,95,32,0.422842,0.21985,0.088688,0.156135,-60,9.25,t,2026-09-05 18:42:59.87831+00
1426,1,1068,95,32,0.412701,0.208866,0.072928,0.135261,-94,5.75,t,2026-09-05 18:43:06.753214+00
1427,2,1584,95,32,0.422686,0.219838,0.089228,0.156957,-61,9.5,t,2026-09-05 18:43:59.679628+00
1428,1,1072,95,32,0.412643,0.208811,0.072838,0.135155,-94,5.75,t,2026-09-05 18:44:06.852059+00
1429,2,1588,96,32,0.420522,0.218187,0.090049,0.158916,-61,9.25,t,2026-09-05 18:44:59.327508+00
1430,1,1076,96,32,0.412565,0.208746,0.072798,0.135103,-94,5.75,t,2026-09-05 18:45:06.754404+00
1431,2,1592,96,32,0.422656,0.219616,0.088687,0.157701,-62,9.5,t,2026-09-05 18:46:00.13279+00
1432,1,1080,96,32,0.411089,0.20801,0.07275,0.136466,-94,6,t,2026-09-05 18:46:07.335409+00
1433,2,1596,96,32,0.422108,0.219187,0.088777,0.158187,-61,9,t,2026-09-05 18:46:59.727563+00
1434,2,1600,96,32,0.422089,0.219106,0.0891,0.159116,-64,9.75,t,2026-09-05 18:47:59.322641+00
1435,1,1088,96,32,0.411078,0.207994,0.072807,0.136519,-94,5.5,t,2026-09-05 18:48:06.883318+00
1436,2,1604,96,32,0.421458,0.218492,0.089007,0.159245,-63,10,t,2026-09-05 18:48:59.619396+00
1437,1,1092,96,32,0.41107,0.207985,0.072834,0.136544,-94,5.75,t,2026-09-05 18:49:06.988224+00
1438,2,1608,97,32,0.419627,0.217246,0.08953,0.161638,-61,9.5,t,2026-09-05 18:49:59.992091+00
1439,1,1096,97,32,0.410993,0.207898,0.072907,0.13659,-94,6,t,2026-09-05 18:50:06.340324+00
1440,1,1100,97,32,0.409673,0.206937,0.072253,0.13822,-93,6,t,2026-09-05 18:51:06.793435+00
1441,2,1616,97,32,0.420516,0.218433,0.088277,0.15967,-65,9,t,2026-09-05 18:51:59.841715+00
1442,1,1104,97,32,0.409673,0.206936,0.072291,0.138262,-94,5.75,t,2026-09-05 18:52:06.924+00
1443,2,1620,97,32,0.420077,0.218553,0.088737,0.160346,-64,8.5,t,2026-09-05 18:52:59.638948+00
1444,1,1108,97,32,0.409666,0.206934,0.072309,0.13828,-94,5.5,t,2026-09-05 18:53:07.020142+00
1445,2,1624,97,32,0.418963,0.218054,0.088698,0.160071,-68,9,t,2026-09-05 18:53:59.421768+00
1446,1,1112,97,32,0.409659,0.206933,0.072321,0.138291,-94,5.5,t,2026-09-05 18:54:06.718073+00
1447,2,1628,98,32,0.415917,0.217798,0.09031,0.161461,-64,9.25,t,2026-09-05 18:54:59.808673+00
1448,1,1116,98,32,0.409629,0.206943,0.072394,0.138375,-93,6,t,2026-09-05 18:55:06.984719+00
1449,1,1120,98,32,0.407298,0.206901,0.072635,0.139329,-93,5.75,t,2026-09-05 18:56:07.032068+00
1450,2,1636,98,32,0.417827,0.218241,0.088926,0.160436,-64,11.75,t,2026-09-05 18:56:59.635326+00
1451,1,1124,98,32,0.407281,0.206893,0.072634,0.139329,-94,5.75,t,2026-09-05 18:57:07.046929+00
1452,2,1640,98,32,0.417446,0.218378,0.089721,0.161347,-64,9.5,t,2026-09-05 18:57:59.679013+00
1453,1,1128,98,32,0.407265,0.206885,0.072631,0.139328,-93,5.75,t,2026-09-05 18:58:06.93677+00
1454,2,1644,98,32,0.416773,0.218278,0.090038,0.16176,-64,9,t,2026-09-05 18:58:59.792154+00
1455,1,1132,98,32,0.407163,0.206782,0.072462,0.139133,-93,5.75,t,2026-09-05 18:59:08.18258+00
1456,2,1648,99,32,0.413662,0.217214,0.091717,0.163115,-64,9.25,t,2026-09-05 18:59:59.649398+00
1457,1,1136,99,32,0.407226,0.206839,0.072471,0.139225,-93,6,t,2026-09-05 19:00:07.17023+00
1458,2,1652,99,32,0.416555,0.218282,0.089231,0.161727,-64,9.75,t,2026-09-05 19:01:00.620473+00
1459,1,1140,99,32,0.404811,0.206391,0.073104,0.140254,-93,6,t,2026-09-05 19:01:06.867181+00
1460,2,1656,99,32,0.415964,0.21804,0.089313,0.161836,-64,9.5,t,2026-09-05 19:01:59.396916+00
1461,1,1144,99,32,0.404824,0.206399,0.073118,0.140278,-93,6,t,2026-09-05 19:02:07.385+00
1462,2,1660,99,32,0.415772,0.218086,0.089839,0.162653,-64,9.25,t,2026-09-05 19:02:59.71121+00
1463,1,1148,99,32,0.404833,0.206402,0.073128,0.140292,-94,6,t,2026-09-05 19:03:06.879828+00
1464,2,1664,99,32,0.41547,0.21806,0.0902,0.163383,-64,9.25,t,2026-09-05 19:04:01.357713+00
1465,2,1668,100,32,0.413241,0.216799,0.091359,0.165113,-64,9.5,t,2026-09-05 19:04:59.678009+00
1466,1,1156,100,32,0.404777,0.206343,0.073145,0.140291,-94,6,t,2026-09-05 19:05:06.940209+00
1467,2,1672,100,32,0.415271,0.217918,0.08956,0.163609,-64,9.25,t,2026-09-05 19:05:59.937755+00
1468,1,1160,100,32,0.403234,0.205796,0.073028,0.141509,-93,6,t,2026-09-05 19:06:06.792946+00
1469,2,1676,100,32,0.414625,0.217633,0.089764,0.163914,-64,9.25,t,2026-09-05 19:06:59.534039+00
1470,1,1164,100,32,0.403231,0.205796,0.073047,0.141527,-93,5.75,t,2026-09-05 19:07:06.701428+00
1471,2,1680,100,32,0.413747,0.217363,0.089863,0.164063,-64,9.25,t,2026-09-05 19:07:59.537482+00
1472,1,1168,100,32,0.403223,0.205792,0.073055,0.141532,-93,5.75,t,2026-09-05 19:08:06.342233+00
1473,2,1684,100,32,0.412807,0.217126,0.089826,0.164007,-64,9.25,t,2026-09-05 19:08:59.821339+00
1474,1,1172,100,32,0.403215,0.205789,0.073064,0.141538,-93,5.75,t,2026-09-05 19:09:06.925365+00
1475,2,1688,101,32,0.409187,0.217463,0.090968,0.165711,-64,9.25,t,2026-09-05 19:09:59.658866+00
1476,1,1176,101,32,0.403168,0.205762,0.073096,0.141553,-93,6.25,t,2026-09-05 19:10:07.855787+00
1477,2,1692,101,32,0.41231,0.218207,0.089227,0.16437,-64,9.5,t,2026-09-05 19:10:59.870702+00
1478,1,1180,101,32,0.400541,0.20598,0.073044,0.142722,-94,6,t,2026-09-05 19:11:06.935261+00
1479,2,1696,101,32,0.411819,0.218381,0.08946,0.164718,-64,9.5,t,2026-09-05 19:11:59.671018+00
1480,1,1184,101,32,0.400459,0.20591,0.072929,0.142578,-93,5.75,t,2026-09-05 19:12:06.730116+00
1481,2,1700,101,32,0.411624,0.218874,0.090035,0.165577,-64,10,t,2026-09-05 19:12:59.772687+00
1482,1,1188,101,32,0.400416,0.205881,0.072862,0.142498,-93,6,t,2026-09-05 19:13:07.152467+00
1483,2,1704,101,32,0.410619,0.218351,0.089617,0.164953,-64,9.5,t,2026-09-05 19:13:59.682649+00
1484,1,1192,101,32,0.400313,0.20579,0.07268,0.142285,-93,5.75,t,2026-09-05 19:14:06.96404+00
1485,2,1708,102,32,0.408913,0.217324,0.08998,0.165495,-64,9.5,t,2026-09-05 19:14:59.747422+00
1486,1,1196,102,32,0.400407,0.205937,0.072542,0.142228,-93,5.75,t,2026-09-05 19:15:06.853755+00
1487,2,1712,102,32,0.411241,0.218273,0.088741,0.165025,-64,9.5,t,2026-09-05 19:15:59.4259+00
1488,1,1200,102,32,0.399105,0.20608,0.072358,0.143069,-93,5.75,t,2026-09-05 19:16:06.759517+00
1489,2,1768,105,32,0.407177,0.21559,0.091069,0.168501,-67,9.25,t,2026-09-05 19:29:59.698301+00
1490,2,1772,105,32,0.407383,0.215802,0.091492,0.169132,-63,9,t,2026-09-05 19:30:59.73836+00
1491,1,1260,105,32,0.395587,0.204,0.072432,0.145952,-94,5.75,t,2026-09-05 19:31:07.271819+00
1492,2,1776,105,32,0.406601,0.215053,0.091157,0.168633,-60,9.5,t,2026-09-05 19:31:59.651809+00
1493,1,1264,105,32,0.395587,0.204001,0.072434,0.145954,-94,6,t,2026-09-05 19:32:07.221288+00
1494,2,1780,105,32,0.406066,0.214564,0.09146,0.169084,-60,9.5,t,2026-09-05 19:33:00.177301+00
1495,1,1268,105,32,0.395586,0.204,0.072432,0.145954,-94,5.75,t,2026-09-05 19:33:07.438737+00
1496,2,1784,105,32,0.405554,0.214128,0.091837,0.169647,-60,9.75,t,2026-09-05 19:33:59.872272+00
1497,1,1272,105,32,0.395583,0.203996,0.072425,0.145947,-94,5.75,t,2026-09-05 19:34:06.951962+00
1498,2,1788,106,32,0.402655,0.211537,0.093584,0.172255,-59,9,t,2026-09-05 19:34:59.975821+00
1499,1,1276,106,32,0.395586,0.203989,0.072415,0.145948,-94,6,t,2026-09-05 19:35:07.230364+00
1500,2,1792,106,32,0.405513,0.214197,0.090525,0.170334,-60,10,t,2026-09-05 19:36:00.836918+00
